Title,Region,Type,Rating,Rank
肖申克的救赎,美国,"犯罪,剧情",9.7,1
霸王别姬,"中国大陆,中国香港","剧情,爱情,同性",9.6,2
控方证人,美国,"剧情,犯罪,悬疑,惊悚",9.6,3
泰坦尼克号,"美国,墨西哥","剧情,爱情,灾难",9.5,4
阿甘正传,美国,"剧情,爱情",9.5,5
美丽人生,意大利,"剧情,喜剧,爱情,战争",9.5,6
茶馆,中国大陆,"剧情,历史",9.6,7
辛德勒的名单,美国,"剧情,历史,战争",9.5,8
这个杀手不太冷,"法国,美国","剧情,动作,犯罪",9.4,9
千与千寻,日本,"剧情,动画,奇幻",9.4,10
盗梦空间,"美国,英国","剧情,科幻,悬疑,冒险",9.4,11
星际穿越,"美国,英国,加拿大","剧情,科幻,冒险",9.4,12
楚门的世界,美国,"剧情,科幻",9.4,13
忠犬八公的故事,"美国,英国",剧情,9.4,14
大闹天宫,中国大陆,"剧情,动画,奇幻,古装",9.4,15
背靠背，脸对脸,"中国大陆,中国香港",剧情,9.5,16
高山下的花环,中国大陆,"剧情,战争",9.5,17
十二怒汉,美国,剧情,9.4,18
无间道,中国香港,"剧情,犯罪,惊悚",9.3,19
海上钢琴师,意大利,"剧情,音乐",9.3,20
末代皇帝,"英国,意大利,中国大陆,法国","剧情,传记,历史",9.3,21
活着,"中国大陆,中国香港","剧情,历史,家庭",9.3,22
放牛班的春天,"法国,瑞士,德国","剧情,音乐",9.3,23
触不可及,法国,"剧情,喜剧",9.3,24
鬼子来了,中国大陆,"剧情,喜剧",9.3,25
教父,美国,"剧情,犯罪",9.3,26
初步举证,英国,剧情,9.5,27
熔炉,韩国,剧情,9.3,28
指环王3：王者无敌,"美国,新西兰","剧情,动作,奇幻,冒险",9.3,29
乱世佳人,美国,"剧情,历史,爱情,战争",9.3,30
海蒂和爷爷,"德国,瑞士","剧情,冒险,家庭",9.3,31
素媛,韩国,剧情,9.3,32
钢琴家,"英国,法国,波兰,德国,美国","剧情,传记,战争,音乐",9.3,33
教父2,美国,"剧情,犯罪",9.3,34
三傻大闹宝莱坞,印度,"剧情,喜剧,爱情,歌舞",9.2,35
饮食男女,"中国台湾,美国","剧情,家庭",9.2,36
还有明天,意大利,"剧情,喜剧,历史",9.3,37
蝙蝠侠：黑暗骑士,"美国,英国","剧情,动作,科幻,犯罪,惊悚",9.2,38
摩登时代,美国,"剧情,喜剧,爱情",9.3,39
芙蓉镇,中国大陆,"剧情,爱情",9.3,40
横空出世,中国大陆,"剧情,历史",9.4,41
死亡诗社,美国,剧情,9.2,42
指环王2：双塔奇兵,"美国,新西兰","剧情,动作,奇幻,冒险",9.2,43
天堂电影院,"意大利,法国","剧情,爱情",9.2,44
辩护人,韩国,剧情,9.2,45
穿条纹睡衣的男孩,"英国,美国","剧情,战争",9.2,46
窃听风暴,德国,"剧情,悬疑",9.2,47
小鞋子,伊朗,"剧情,儿童,家庭",9.2,48
七武士,日本,"动作,冒险,剧情",9.3,49
少年派的奇幻漂流,"美国,中国台湾,英国,加拿大","剧情,奇幻,冒险",9.1,50
怦然心动,美国,"剧情,喜剧,爱情",9.1,51
当幸福来敲门,美国,"剧情,传记,家庭",9.1,52
飞屋环游记,美国,"剧情,喜剧,动画,冒险",9.1,53
猫鼠游戏,"美国,加拿大","传记,犯罪,剧情",9.1,54
何以为家,"黎巴嫩,美国,法国,塞浦路斯,卡塔尔,英国",剧情,9.1,55
罗马假日,美国,"喜剧,剧情,爱情",9.1,56
闻香识女人,美国,剧情,9.1,57
指环王1：护戒使者,"新西兰,美国","剧情,动作,奇幻,冒险",9.1,58
一一,"中国台湾,日本","剧情,爱情,家庭",9.1,59
美丽心灵,美国,"传记,剧情",9.1,60
南海十三郎,中国香港,"剧情,传记,爱情",9.3,61
拯救大兵瑞恩,美国,"剧情,战争",9.1,62
音乐之声,美国,"剧情,传记,爱情,歌舞",9.1,63
两杆大烟枪,英国,"剧情,喜剧,犯罪",9.1,64
飞越疯人院,美国,剧情,9.1,65
城市之光,美国,"喜剧,剧情,爱情",9.3,66
美国往事,"美国,意大利","犯罪,剧情",9.1,67
狩猎,"丹麦,瑞典",剧情,9.1,68
我不是药神,中国大陆,"剧情,喜剧",9.0,69
机器人之梦,"西班牙,法国","剧情,动画,音乐",9.1,70
让子弹飞,"中国大陆,中国香港","剧情,喜剧,动作,西部",9.0,71
未麻的部屋,日本,"剧情,犯罪,动画,悬疑,惊悚",9.1,72
忠犬八公物语,日本,剧情,9.2,73
摔跤吧！爸爸,印度,"剧情,传记,运动,家庭",9.0,74
无人知晓,日本,剧情,9.1,75
完美的世界,美国,"剧情,犯罪",9.1,76
春光乍泄,"中国香港,日本,韩国","剧情,爱情,同性",9.0,77
本杰明·巴顿奇事,美国,"剧情,爱情,奇幻",9.0,78
搏击俱乐部,美国,"剧情,动作,悬疑,惊悚",9.0,79
心灵捕手,美国,剧情,9.0,80
控方证人,"美国,英国","剧情,犯罪,悬疑",9.4,81
喜宴,"中国台湾,美国","剧情,喜剧,爱情,同性,家庭",9.0,82
超脱,美国,剧情,9.0,83
新世纪福音战士剧场版：Air/真心为你,日本,"剧情,科幻,动画",9.4,84
城南旧事,中国大陆,剧情,9.1,85
无间道(正序版),中国香港,"剧情,犯罪",9.2,86
小森林 夏秋篇,日本,剧情,9.0,87
玛丽和麦克斯,"澳大利亚,美国","剧情,喜剧,动画",9.0,88
教父3,美国,"剧情,犯罪",9.0,89
小森林 冬春篇,日本,剧情,9.0,90
绿皮书,"美国,中国大陆","剧情,喜剧,传记,音乐",8.9,91
好东西,中国大陆,"剧情,爱情",8.9,92
我是山姆,美国,"剧情,家庭",9.0,93
牧马人,中国大陆,"剧情,爱情",9.1,94
情书,日本,"剧情,爱情",8.9,95
末路狂花,"美国,英国,法国","犯罪,剧情,惊悚",9.0,96
甜蜜蜜,中国香港,"剧情,爱情",8.9,97
上帝之城,"巴西,法国","犯罪,剧情",9.0,98
禁闭岛,美国,"剧情,悬疑,惊悚",8.9,99
西西里的美丽传说,"意大利,美国","剧情,战争,情色",8.9,100
布达佩斯大饭店,"美国,德国,英国","剧情,喜剧,冒险",8.9,101
蝴蝶效应,"美国,加拿大","剧情,悬疑,科幻,惊悚",8.9,102
沉默的羔羊,美国,"剧情,犯罪,惊悚",8.9,103
致命魔术,"英国,美国","剧情,悬疑,惊悚",8.9,104
低俗小说,美国,"剧情,喜剧,犯罪",8.9,105
致命ID,美国,"剧情,悬疑,惊悚",8.9,106
杀人回忆,韩国,"剧情,动作,犯罪,悬疑,惊悚",8.9,107
蝙蝠侠：黑暗骑士崛起,"美国,英国","剧情,动作,科幻,犯罪,惊悚",8.9,108
东京教父,日本,"剧情,喜剧,动画",9.0,109
盲井,"中国大陆,德国,中国香港","犯罪,剧情",9.0,110
入殓师,日本,剧情,8.9,111
福音战士新剧场版：破,日本,"剧情,科幻,动画",9.3,112
菊次郎的夏天,日本,"剧情,喜剧",8.9,113
牯岭街少年杀人事件,中国台湾,"剧情,犯罪",8.9,114
爱在日落黄昏时,"美国,法国","剧情,爱情",8.9,115
第六感,美国,"剧情,悬疑,惊悚",8.9,116
可可西里,"中国大陆,中国香港","剧情,犯罪",8.9,117
7号房的礼物,韩国,"剧情,喜剧,家庭",8.9,118
勇敢的心,美国,"动作,传记,剧情,历史,战争",8.9,119
一个叫欧维的男人决定去死,瑞典,剧情,8.9,120
悲情城市,中国台湾,"剧情,历史",9.0,121
新世界,韩国,"剧情,犯罪",8.9,122
侧耳倾听,日本,"剧情,爱情,动画",8.9,123
生活多美好,美国,"剧情,爱情,奇幻",9.2,124
东京物语,日本,"剧情,家庭",9.1,125
爱在午夜降临前,"美国,希腊","剧情,爱情",8.9,126
泳者之心,美国,"剧情,传记,运动",9.0,127
绿里奇迹,美国,"犯罪,剧情,奇幻,悬疑",8.9,128
你看起来好像很好吃,日本,"剧情,动画,儿童",8.9,129
喜剧之王,中国香港,"喜剧,剧情,爱情",8.8,130
卢旺达饭店,"英国,南非,意大利,美国","剧情,传记,历史,战争",8.9,131
重庆森林,中国香港,"剧情,爱情",8.8,132
寄生虫,韩国,剧情,8.8,133
花样年华,中国香港,"剧情,爱情",8.8,134
看不见的客人,西班牙,"剧情,犯罪,悬疑,惊悚",8.8,135
九品芝麻官,中国香港,"剧情,喜剧,古装",8.8,136
遥望南方的童年,中国大陆,剧情,9.3,137
黑镜：圣诞特别篇,英国,"剧情,科幻,惊悚",9.1,138
阳光灿烂的日子,"中国大陆,中国香港","剧情,爱情",8.8,139
灿烂人生,意大利,"剧情,爱情,家庭",9.3,140
七宗罪,美国,"剧情,犯罪,悬疑,惊悚",8.8,141
无间道2,中国香港,"剧情,犯罪,惊悚",8.8,142
南京照相馆,中国大陆,"剧情,历史,战争",8.8,143
纵横四海,中国香港,"剧情,喜剧,动作,犯罪",8.8,144
恐怖分子,中国台湾,"剧情,犯罪",9.0,145
请以你的名字呼唤我,"意大利,法国,巴西,美国","剧情,爱情,同性",8.8,146
奥本海默,"美国,英国","剧情,传记,历史",8.8,147
爱在黎明破晓前,"美国,奥地利,瑞士","剧情,爱情",8.8,148
断背山,"美国,加拿大","剧情,爱情,同性,家庭",8.8,149
被嫌弃的松子的一生,日本,"剧情,歌舞",8.8,150
出走的决心,中国大陆,"剧情,家庭",8.8,151
我爱你,韩国,"剧情,爱情",9.0,152
告白,日本,"剧情,悬疑",8.8,153
模仿游戏,"英国,美国","剧情,传记,战争,同性",8.8,154
被解救的姜戈,美国,"剧情,动作,西部,冒险",8.8,155
共同警备区,韩国,剧情,9.0,156
大红灯笼高高挂,"中国大陆,中国香港,中国台湾",剧情,8.8,157
隐藏人物,美国,"剧情,传记,历史",8.9,158
幸福终点站,美国,"喜剧,剧情,爱情",8.8,159
阳光姐妹淘,韩国,"剧情,喜剧",8.8,160
大鱼,美国,"剧情,爱情,奇幻,冒险",8.8,161
偷自行车的人,意大利,"犯罪,剧情",9.1,162
萤火之森,日本,"剧情,爱情,动画,奇幻",8.8,163
变脸,"中国大陆,中国香港",剧情,9.1,164
莫娣,"爱尔兰,加拿大","剧情,传记,爱情",9.0,165
海街日记,日本,"剧情,家庭",8.8,166
达拉斯买家俱乐部,美国,"剧情,传记,同性",8.8,167
枪火,中国香港,"剧情,动作,犯罪",8.8,168
沉静如海,"法国,比利时","剧情,爱情,战争",9.1,169
大独裁者,美国,"喜剧,剧情,战争",9.2,170
赛德克·巴莱(上),中国台湾,"剧情,历史,战争",8.9,171
过年,中国大陆,"剧情,家庭",9.0,172
地球上的星星,印度,"剧情,儿童,家庭",8.9,173
东邪西毒：终极版,"中国香港,中国大陆,中国台湾","剧情,动作,爱情",8.8,174
天鹰战士：最后的冲击,日本,"剧情,科幻,动画",9.1,175
盲山,中国大陆,"剧情,犯罪",8.8,176
赛德克·巴莱,中国台湾,"剧情,历史,战争",8.8,177
色，戒,"中国台湾,中国大陆,美国,中国香港","剧情,爱情,情色",8.7,178
洛城机密,美国,"剧情,犯罪,悬疑,惊悚",8.9,179
罗生门,日本,"剧情,犯罪,悬疑",8.8,180
赛德克·巴莱(下),中国台湾,"剧情,历史,战争",8.9,181
千钧一发,美国,"剧情,科幻,惊悚",8.8,182
姥姥的外孙,泰国,剧情,8.8,183
熊出没之过年,中国大陆,"剧情,儿童,喜剧,动画,冒险,家庭",9.0,184
地下,"南斯拉夫,法国,德国,保加利亚,捷克,匈牙利,英国,美国","剧情,战争",9.2,185
步履不停,日本,"剧情,家庭",8.8,186
小丑,"美国,加拿大","剧情,犯罪,惊悚",8.7,187
剪刀手爱德华,美国,"剧情,爱情,奇幻",8.7,188
心迷宫,中国大陆,"剧情,犯罪,悬疑",8.7,189
岁月神偷,"中国香港,中国大陆","剧情,家庭",8.7,190
千年女优,日本,"动画,剧情,爱情",8.8,191
消失的爱人,美国,"剧情,犯罪,悬疑,惊悚",8.7,192
天使爱美丽,"法国,德国","剧情,喜剧,爱情",8.7,193
魂断蓝桥,美国,"剧情,爱情,战争",8.8,194
大佛普拉斯,中国台湾,"剧情,喜剧",8.7,195
首尔之春,韩国,剧情,8.8,196
傲慢与偏见,"法国,英国,美国","剧情,爱情",8.7,197
三块广告牌,"英国,美国","剧情,犯罪",8.7,198
小偷家族,日本,"剧情,犯罪,家庭",8.7,199
勇士,美国,"剧情,运动,家庭",8.9,200
血战钢锯岭,"澳大利亚,美国","剧情,传记,历史,战争",8.7,201
天堂回信,中国大陆,"剧情,儿童",9.1,202
爱尔兰人,美国,"剧情,传记,犯罪",8.8,203
聚焦,美国,"剧情,传记",8.8,204
恐怖直播,韩国,"剧情,犯罪,悬疑",8.7,205
那山那人那狗,中国大陆,"剧情,家庭",8.8,206
廊桥遗梦,美国,"剧情,爱情",8.8,207
记忆碎片,美国,"犯罪,剧情,悬疑,惊悚",8.7,208
一次别离,"伊朗,法国","剧情,家庭",8.8,209
切腹,日本,"剧情,动作,悬疑",9.4,210
福音战士新剧场版：序,日本,"剧情,科幻,动画",9.1,211
百万美元宝贝,美国,"剧情,运动",8.8,212
特工,韩国,剧情,8.8,213
无耻混蛋,"德国,美国","剧情,犯罪",8.7,214
遗愿清单,美国,"冒险,喜剧,剧情",8.7,215
荒蛮故事,"阿根廷,西班牙","剧情,喜剧,犯罪",8.7,216
人工智能,美国,"剧情,科幻",8.7,217
剧院魅影：25周年纪念演出,英国,"剧情,音乐,歌舞",9.7,218
F1：狂飙飞车,美国,"剧情,动作,运动",8.7,219
我们俩,中国大陆,剧情,8.8,220
雨人,美国,剧情,8.7,221
萤火虫之墓,日本,"动画,剧情,战争",8.7,222
梦之安魂曲,美国,剧情,8.8,223
相助,"美国,印度,阿联酋",剧情,8.9,224
血钻,"美国,德国,英国","剧情,惊悚,冒险",8.7,225
大决战之辽沈战役,中国大陆,"剧情,历史,战争",9.2,226
战争之王,"美国,德国","剧情,犯罪",8.7,227
四百击,法国,"犯罪,剧情",8.9,228
童年往事,中国台湾,"剧情,传记,家庭",8.9,229
房间,"爱尔兰,加拿大,英国,美国","剧情,家庭",8.7,230
坠落的审判,法国,"剧情,家庭",8.7,231
横道世之介,日本,"剧情,爱情",8.8,232
神女,中国大陆,剧情,9.1,233
悲惨世界,"英国,美国","剧情,爱情,歌舞",8.7,234
影武者,"日本,美国","剧情,历史,战争",9.1,235
弱点,美国,"剧情,家庭,传记,运动",8.7,236
斯隆女士,"美国,法国,英国","剧情,悬疑",8.9,237
帝国的毁灭,"德国,奥地利,意大利","剧情,传记,历史,战争",8.9,238
攻壳机动队2：无罪,日本,"剧情,科幻,动画",9.1,239
八恶人,美国,"剧情,犯罪,西部",8.7,240
东邪西毒,"中国香港,中国台湾","剧情,动作,爱情,武侠,古装",8.6,241
燃情岁月,美国,"剧情,爱情,战争,西部",8.7,242
英雄本色,中国香港,"剧情,动作,犯罪",8.6,243
青蛇,"中国香港,中国大陆","剧情,爱情,奇幻,古装",8.6,244
奇迹男孩,"美国,中国香港","剧情,儿童,家庭",8.6,245
血观音,中国台湾,"剧情,悬疑",8.6,246
精武英雄,"中国香港,中国大陆","动作,剧情",8.7,247
误杀瞒天记,印度,"剧情,犯罪,悬疑",8.7,248
浪潮,德国,"剧情,惊悚",8.7,249
伴我同行,美国,"剧情,儿童,冒险",8.9,250
黑天鹅,美国,"剧情,惊悚",8.6,251
花束般的恋爱,日本,"剧情,爱情",8.6,252
爱·回家,韩国,"剧情,家庭",9.0,253
贫民窟的百万富翁,英国,"剧情,爱情",8.6,254
刺猬的优雅,"法国,意大利",剧情,8.8,255
谁先爱上他的,中国台湾,"剧情,喜剧,同性",8.6,256
阳光普照,中国台湾,"剧情,犯罪,家庭",8.6,257
妇女参政论者,英国,"剧情,传记,历史",9.1,258
无言的山丘,中国台湾,"剧情,历史",9.2,259
爆裂鼓手,美国,"剧情,音乐",8.6,260
波西米亚狂想曲,"英国,美国","剧情,传记,同性,音乐",8.6,261
燃烧女子的肖像,法国,"剧情,爱情,同性",8.7,262
乱,"日本,法国","剧情,动作",8.9,263
海边的曼彻斯特,美国,"剧情,家庭",8.6,264
超感猎杀：完结特别篇,美国,"剧情,科幻,同性",9.2,265
阮玲玉,中国香港,"传记,剧情,爱情",8.7,266
白日梦想家,"美国,英国","剧情,喜剧,冒险",8.6,267
奇爱博士,"美国,英国","剧情,喜剧,战争",8.9,268
伦敦一家人,英国,"剧情,动画,家庭",8.9,269
战场上的快乐圣诞,"英国,新西兰,日本","剧情,战争,同性",8.8,270
卡萨布兰卡,美国,"剧情,爱情,战争",8.7,271
女人，四十,中国香港,"剧情,家庭",8.9,272
比海更深,日本,"剧情,家庭",8.7,273
天水围的日与夜,中国香港,"剧情,家庭",8.7,274
万箭穿心,中国大陆,"剧情,家庭",8.6,275
蓝风筝,"中国大陆,中国香港","剧情,历史",8.9,276
暗战,中国香港,"动作,剧情,犯罪",8.6,277
朗读者,"美国,德国","剧情,爱情",8.6,278
落叶归根,"中国大陆,中国香港","剧情,喜剧",8.6,279
蝙蝠侠：侠影之谜,"美国,英国","剧情,动作,科幻,犯罪,惊悚",8.6,280
坠入,"美国,南非,印度","剧情,喜剧,奇幻,冒险",8.8,281
赎罪,"英国,法国","剧情,悬疑,爱情,战争",8.6,282
独立时代,中国台湾,剧情,8.8,283
洞,"法国,意大利","犯罪,剧情,惊悚",9.2,284
猜火车,英国,"剧情,犯罪",8.6,285
穿越时空的少女,日本,"剧情,爱情,科幻,动画",8.6,286
生之欲,日本,剧情,9.3,287
时时刻刻,"美国,英国",剧情,8.7,288
发条橙,"英国,美国","犯罪,剧情,科幻",8.6,289
叫我第一名,美国,"剧情,传记",8.7,290
哀乐中年,中国大陆,"剧情,爱情,家庭",9.3,291
82年生的金智英,韩国,剧情,8.6,292
面子,美国,"剧情,喜剧,爱情,同性",8.9,293
恋恋风尘,中国台湾,"剧情,爱情",8.7,294
蓝白红三部曲之红,"法国,波兰,瑞士","剧情,爱情,悬疑",8.8,295
美国丽人,美国,"剧情,爱情,家庭",8.6,296
麦兜故事,中国香港,"剧情,喜剧,动画",8.6,297
E.T.外星人,美国,"剧情,科幻",8.6,298
如父如子,日本,"剧情,家庭",8.7,299
燕尾蝶,日本,"犯罪,剧情",8.7,300
公民凯恩,美国,"剧情,悬疑",8.8,301
你的名字。,日本,"剧情,爱情,动画",8.5,302
唐顿庄园：2011圣诞特别篇,英国,剧情,9.3,303
沙漠之花,"英国,德国,奥地利,法国","剧情,传记",8.8,304
复仇者联盟4：终局之战,美国,"剧情,动作,科幻,奇幻,冒险",8.5,305
浪浪山小妖怪,中国大陆,"剧情,喜剧,动画,奇幻",8.5,306
寂静人生,"英国,意大利",剧情,9.0,307
金福南杀人事件始末,韩国,"剧情,犯罪,惊悚",8.6,308
初恋这件小事,泰国,"剧情,喜剧,爱情",8.5,309
新世纪福音战士剧场版：死与新生,日本,"剧情,科幻,动画",9.2,310
小武,"中国香港,中国大陆",剧情,8.6,311
神探夏洛克：最后的誓言,英国,"剧情,犯罪,悬疑",9.0,312
阿飞正传,中国香港,"犯罪,剧情,爱情",8.5,313
荒岛余生,美国,"冒险,剧情",8.6,314
1917,"美国,英国,印度,西班牙,加拿大,中国大陆","剧情,战争",8.5,315
困在时间里的父亲,"英国,法国",剧情,8.6,316
火星救援,"英国,美国,匈牙利,约旦","剧情,科幻,冒险",8.5,317
跳出我天地,"英国,法国","剧情,儿童,歌舞,家庭",8.8,318
真爱至上,"英国,美国,法国","喜剧,剧情,爱情",8.5,319
神探夏洛克：福至如归,英国,"剧情,犯罪,悬疑,惊悚",9.2,320
恋恋笔记本,美国,"剧情,爱情",8.5,321
极速风流,"英国,德国,美国","剧情,传记,运动",8.7,322
钢的琴,中国大陆,"剧情,喜剧",8.5,323
再见我们的幼儿园,日本,"剧情,儿童",8.8,324
大卫·戈尔的一生,"美国,德国,英国,西班牙","剧情,犯罪,悬疑",8.6,325
角斗士,"美国,英国,马耳他,摩洛哥","剧情,动作,冒险",8.6,326
国王的演讲,"美国,英国","剧情,传记,历史",8.5,327
怪物,日本,剧情,8.6,328
光荣之路,美国,"剧情,战争",9.1,329
土拨鼠之日,美国,"剧情,喜剧,爱情,奇幻",8.6,330
出租车司机,美国,"剧情,犯罪",8.6,331
我能说,韩国,"剧情,喜剧",8.8,332
胭脂扣,中国香港,"剧情,爱情,奇幻",8.5,333
香水,"德国,法国,西班牙,美国,比利时","剧情,犯罪,奇幻",8.5,334
家有喜事,中国香港,"剧情,喜剧,爱情,家庭",8.5,335
多哥,美国,"剧情,冒险",8.8,336
小姐,韩国,"剧情,悬疑,情色,同性",8.5,337
梁祝,中国香港,"剧情,爱情,奇幻,古装",8.6,338
网络谜踪,"美国,俄罗斯","剧情,犯罪,悬疑,惊悚",8.5,339
红高粱,中国大陆,"剧情,历史,爱情,战争",8.5,340
与狼共舞,"美国,英国","剧情,西部,冒险",8.9,341
完美陌生人,意大利,"剧情,喜剧",8.5,342
荒野生存,美国,"冒险,传记,剧情",8.6,343
赌神,中国香港,"喜剧,剧情",8.5,344
我们天上见,中国大陆,"剧情,家庭",8.7,345
有话好好说,中国大陆,"剧情,喜剧",8.5,346
黄海,"韩国,美国,中国香港","剧情,动作,犯罪",8.5,347
至暗时刻,"英国,美国","剧情,传记,历史,战争",8.5,348
假如爱有天意,韩国,"剧情,爱情",8.5,349
黑社会,中国香港,"犯罪,剧情,惊悚",8.5,350
笑傲江湖2：东方不败,中国香港,"剧情,爱情,武侠,古装",8.5,351
天国王朝,"英国,德国,西班牙,摩洛哥,美国,意大利,法国","剧情,历史,战争",8.7,352
开心家族,韩国,"剧情,喜剧,家庭",8.6,353
这个男人来自地球,美国,"剧情,科幻",8.5,354
楢山节考,日本,"剧情,家庭",9.0,355
我在伊朗长大,"法国,美国","剧情,传记,动画",8.7,356
哪吒之魔童降世,中国大陆,"剧情,喜剧,动画,奇幻",8.4,357
莫里斯,英国,"剧情,爱情,同性",8.8,358
哪吒之魔童闹海,中国大陆,"剧情,喜剧,动画,奇幻",8.4,359
尼罗河上的惨案,英国,"剧情,犯罪,悬疑",8.6,360
鳄鱼波鞋走天涯,美国,"剧情,冒险",9.1,361
小城之春,中国大陆,"剧情,爱情",8.7,362
婚姻故事,"英国,美国","剧情,爱情",8.5,363
自梳,中国香港,"剧情,爱情,同性",8.7,364
三毛从军记,中国大陆,"剧情,儿童,喜剧,战争",8.6,365
东方快车谋杀案,英国,"剧情,犯罪,悬疑",8.6,366
风声,中国大陆,"犯罪,剧情,惊悚,战争",8.4,367
寻子遇仙记,美国,"剧情,喜剧,家庭",9.2,368
撞车,"美国,德国,澳大利亚","犯罪,剧情",8.5,369
爱乐之城,美国,"剧情,爱情,歌舞",8.4,370
大决战之淮海战役,中国大陆,"剧情,历史,战争",9.1,371
无人区,中国大陆,"剧情,犯罪,西部",8.4,372
暖暖内含光,美国,"剧情,爱情,科幻",8.5,373
隐入尘烟,中国大陆,剧情,8.4,374
卧虎藏龙,"中国台湾,中国香港,美国,中国大陆","剧情,爱情,武侠",8.4,375
英国病人,"美国,英国","爱情,剧情,战争",8.5,376
启示,美国,"动作,冒险,剧情",8.7,377
月球,"英国,美国","剧情,科幻,悬疑",8.5,378
麻将,中国台湾,"喜剧,剧情",8.7,379
亲爱的,"中国大陆,中国香港","剧情,家庭",8.4,380
再见列宁,德国,"剧情,喜剧",8.8,381
中央车站,"巴西,法国",剧情,8.7,382
蓝色大门,"中国台湾,法国","剧情,爱情,同性",8.4,383
极速车王,美国,"剧情,传记,运动",8.5,384
热天午后,美国,"剧情,喜剧,犯罪",8.7,385
敦刻尔克,"英国,法国,美国,荷兰","剧情,历史,战争",8.4,386
十二公民,中国大陆,剧情,8.4,387
大空头,美国,"剧情,传记",8.5,388
野草莓,瑞典,"剧情,爱情,家庭",8.8,389
一级恐惧,美国,"剧情,犯罪,悬疑",8.5,390
用心棒,日本,"剧情,动作,惊悚",9.0,391
健听女孩,"美国,法国,加拿大","剧情,音乐",8.6,392
黑炮事件,中国大陆,"剧情,喜剧",8.7,393
蓝宇,"中国大陆,中国香港","剧情,爱情,同性",8.4,394
岁月的童话,日本,"剧情,爱情,动画",8.6,395
太阳照常升起,中国大陆,"剧情,奇幻",8.4,396
自闭历程,美国,"剧情,传记",8.9,397
碧海蓝天,"法国,意大利","剧情,爱情",8.6,398
桃姐,中国香港,"剧情,家庭",8.4,399
海盗电台,"英国,德国,法国","剧情,喜剧,音乐",8.5,400
全金属外壳,"英国,美国","剧情,战争",8.6,401
至爱梵高·星空之谜,"英国,波兰","剧情,传记,动画",8.5,402
盗火线,美国,"剧情,动作,犯罪,惊悚",8.6,403
不一样的天空,美国,"剧情,爱情,家庭",8.6,404
黑水,美国,剧情,8.6,405
少年时代,美国,"剧情,家庭",8.5,406
阿郎的故事,中国香港,"剧情,家庭",8.5,407
第九区,"美国,新西兰,加拿大,南非","动作,剧情,科幻,惊悚",8.4,408
穆赫兰道,"法国,美国","剧情,悬疑,惊悚",8.4,409
天狗,中国大陆,剧情,8.8,410
永恒和一日,"法国,意大利,希腊,德国",剧情,9.1,411
小萝莉的猴神大叔,印度,"剧情,喜剧,动作",8.4,412
她,美国,"剧情,爱情,科幻",8.4,413
十二怒汉,美国,"剧情,犯罪",9.3,414
大都会,德国,"剧情,科幻",9.0,415
紫日,中国大陆,"剧情,战争",8.6,416
奇迹,日本,"剧情,家庭",8.8,417
狼的孩子雨和雪,日本,"剧情,动画,奇幻,家庭",8.6,418
走出非洲,美国,"冒险,传记,剧情,爱情",8.7,419
费城故事,美国,"剧情,同性",8.7,420
花火,日本,"剧情,爱情,犯罪,惊悚",8.6,421
年少日记,中国香港,剧情,8.4,422
西线无战事,"德国,美国,英国","剧情,动作,战争",8.5,423
阿Q正传,中国大陆,剧情,8.8,424
莫扎特传,"美国,法国","剧情,传记,音乐",8.7,425
安妮·霍尔,美国,"喜剧,剧情,爱情",8.6,426
黄飞鸿,中国香港,"剧情,动作,武侠,古装",8.4,427
日落大道,美国,"剧情,黑色电影",8.8,428
英雄本色2,中国香港,"剧情,动作,犯罪",8.4,429
秋天的童话,中国香港,"剧情,爱情",8.5,430
头脑特工队2,美国,"剧情,喜剧,动画,奇幻,冒险",8.4,431
孙子从美国来,中国大陆,"剧情,儿童,家庭",8.5,432
从海底出击,西德,"剧情,历史,战争,冒险",9.1,433
老无所依,美国,"犯罪,剧情,惊悚",8.4,434
绿洲,韩国,"剧情,爱情",8.7,435
登堂入室,法国,"剧情,悬疑",8.5,436
哪啊哪啊神去村,日本,"剧情,喜剧",8.5,437
驴得水,中国大陆,"剧情,喜剧",8.3,438
黑社会2：以和为贵,中国香港,"犯罪,剧情,惊悚",8.4,439
卡比利亚之夜,"意大利,法国",剧情,9.1,440
蝴蝶,法国,"剧情,儿童,喜剧",8.6,441
三峡好人,中国大陆,"剧情,爱情",8.4,442
洛奇,美国,"剧情,爱情,运动",8.8,443
金陵十三钗,中国大陆,"剧情,历史,战争",8.3,444
烈日灼心,中国大陆,"剧情,犯罪,悬疑",8.3,445
万物理论,"英国,日本,美国","剧情,传记,爱情",8.4,446
西游记之大圣归来,中国大陆,"剧情,动画,奇幻",8.3,447
卡罗尔,"英国,美国","剧情,爱情,同性",8.4,448
立春,中国大陆,剧情,8.4,449
喋血双雄,中国香港,"动作,犯罪,剧情,惊悚",8.5,450
盗钥匙的方法,日本,"剧情,喜剧",8.5,451
歌剧魅影,"英国,美国","剧情,爱情,惊悚,音乐",8.5,452
推手,"中国台湾,美国","剧情,家庭",8.4,453
乡愁,"苏联,意大利",剧情,9.0,454
精英部队2：大敌当前,巴西,"剧情,动作,犯罪,惊悚",8.7,455
雄狮少年,中国大陆,"剧情,喜剧,动画",8.3,456
镜子,苏联,"传记,剧情,历史,战争",9.0,457
阿黛尔的生活,"法国,比利时,西班牙","剧情,爱情,同性",8.4,458
姊姊妹妹站起来,中国大陆,剧情,9.2,459
坏孩子的天空,日本,"剧情,犯罪,运动",8.6,460
南极大冒险,美国,"剧情,冒险",8.7,461
机器管家,"美国,德国","剧情,喜剧,科幻",8.6,462
地雷区,"丹麦,德国","剧情,历史,战争",8.7,463
比利·林恩的中场战事,"美国,英国,中国大陆","剧情,战争",8.3,464
追击者,韩国,"犯罪,剧情,惊悚",8.4,465
弗里达,"美国,墨西哥,加拿大","传记,剧情,爱情",8.7,466
蓝白红三部曲之蓝,"法国,波兰,瑞士","剧情,爱情,音乐",8.5,467
破·地狱,中国香港,"剧情,家庭",8.3,468
监狱风云,中国香港,"剧情,动作,犯罪",8.4,469
芬奇,美国,"剧情,科幻",8.4,470
那年夏天，宁静的海,日本,"剧情,喜剧,爱情",8.6,471
完美的日子,"日本,德国",剧情,8.5,472
国际市场,韩国,"剧情,家庭",8.6,473
巴斯特·斯克鲁格斯的歌谣,美国,"剧情,喜剧,爱情,西部,悬疑,歌舞",8.5,474
丹麦女孩,"英国,美国,比利时,丹麦,德国","剧情,传记,爱情,同性",8.4,475
Hello！树先生,中国大陆,剧情,8.3,476
天若有情,中国香港,"动作,剧情,爱情",8.4,477
秒速5厘米,日本,"动画,剧情,爱情",8.3,478
百鸟朝凤,中国大陆,"剧情,音乐",8.3,479
薄荷糖,"韩国,日本",剧情,8.6,480
银魂剧场版：完结篇 直到永远的万事屋,日本,"剧情,动画",9.3,481
银翼杀手2049,"美国,英国,加拿大,西班牙","剧情,动作,科幻,悬疑,惊悚",8.3,482
我的1919,中国大陆,"剧情,传记,历史",8.6,483
天伦之旅,美国,"剧情,家庭",8.6,484
垫底辣妹,日本,"剧情,家庭",8.3,485
嫌疑人X的献身,日本,"犯罪,剧情,悬疑",8.4,486
老爷车,"美国,德国",剧情,8.6,487
鬼妈妈,美国,"剧情,动画,奇幻,家庭",8.4,488
椒麻堂会,"中国香港,法国",剧情,8.5,489
最佳出价,意大利,"剧情,爱情,悬疑",8.4,490
王牌对王牌,"美国,德国","动作,犯罪,剧情,悬疑,惊悚",8.5,491
天注定,"中国大陆,日本,法国","剧情,犯罪",8.3,492
我的野蛮女友,韩国,"剧情,喜剧,爱情",8.3,493
百变狸猫,日本,"动画,喜剧,剧情,奇幻",8.6,494
思悼,韩国,"剧情,历史",8.5,495
雾中风景,"希腊,法国,意大利",剧情,8.9,496
芝加哥七君子审判,"美国,英国,印度","剧情,历史",8.6,497
导盲犬小Q,日本,剧情,8.5,498
金刚狼3：殊死一战,美国,"剧情,动作,科幻",8.3,499
好家伙,美国,"剧情,传记,犯罪",8.5,500
昨天,中国大陆,"传记,剧情,音乐",8.7,501
兵临城下,"爱尔兰,英国,法国,德国,美国","剧情,历史,战争",8.4,502
春夏秋冬又一春,"韩国,德国",剧情,8.5,503
堕落天使,中国香港,"喜剧,犯罪,剧情,爱情",8.3,504
名侦探柯南：瞳孔中的暗杀者,日本,"动画,冒险,犯罪,剧情,悬疑",8.5,505
僵尸新娘,"美国,英国","剧情,动画,奇幻",8.3,506
魔鬼代言人,"美国,德国","剧情,悬疑,惊悚",8.4,507
萨利机长,美国,"剧情,传记",8.3,508
秋日奏鸣曲,"瑞典,西德,英国","剧情,家庭",9.0,509
爱,"法国,德国,奥地利","剧情,爱情",8.6,510
顽主,中国大陆,"剧情,喜剧",8.4,511
结婚礼服,韩国,"剧情,家庭",8.6,512
乔乔的异想世界,"美国,捷克,新西兰","剧情,喜剧,战争",8.3,513
伴你高飞,美国,"冒险,剧情,家庭",8.8,514
面纱,"美国,中国大陆,加拿大","剧情,爱情",8.3,515
东京家族,日本,"剧情,家庭",8.8,516
少年的你,"中国大陆,中国香港","剧情,爱情,犯罪",8.2,517
少年斯派维的奇异旅行,"法国,加拿大","剧情,喜剧,冒险,家庭",8.5,518
现代启示录,美国,"剧情,战争",8.5,519
午夜巴黎,"西班牙,美国,法国","剧情,爱情,奇幻",8.3,520
冒牌上尉,"德国,波兰,法国","剧情,历史,战争",8.6,521
油炸绿番茄,美国,剧情,8.8,522
大决战之平津战役,中国大陆,"剧情,历史,战争",9.0,523
幸福的拉扎罗,"意大利,瑞士,法国,德国","剧情,奇幻",8.5,524
梦,"日本,美国","剧情,奇幻",8.7,525
相爱相亲,"中国大陆,中国台湾","剧情,爱情,家庭",8.3,526
换子疑云,美国,"剧情,悬疑,惊悚",8.4,527
苦月亮,"法国,英国","剧情,爱情,惊悚,情色",8.4,528
成为简·奥斯汀,"英国,爱尔兰","传记,剧情,爱情",8.3,529
一代宗师,"中国大陆,中国香港","剧情,传记,动作,爱情",8.2,530
夜访吸血鬼,美国,"剧情,奇幻,惊悚",8.3,531
茜茜公主,奥地利,"喜剧,剧情,历史,爱情",8.5,532
爱在暹罗,泰国,"剧情,爱情,同性",8.3,533
焦土之城,"加拿大,法国","剧情,战争,悬疑",8.6,534
桃色公寓,美国,"爱情,喜剧,剧情",8.8,535
天浴,"中国香港,美国,中国台湾",剧情,8.4,536
铁甲钢拳,"美国,印度","剧情,动作,科幻,运动",8.3,537
曾经,爱尔兰,"剧情,音乐,爱情",8.3,538
飓风营救,"法国,美国,英国","动作,犯罪,剧情,惊悚",8.3,539
天下无贼,"中国大陆,中国香港","动作,犯罪,剧情",8.2,540
黄飞鸿之二：男儿当自强,中国香港,"剧情,动作,爱情,武侠,古装",8.3,541
阳光小美女,美国,"剧情,喜剧,家庭",8.3,542
无主之作,"德国,意大利",剧情,8.6,543
暴裂无声,中国大陆,"剧情,犯罪,悬疑",8.2,544
狗十三,中国大陆,"剧情,家庭",8.2,545
剃头匠,中国大陆,"剧情,传记",9.2,546
冬冬的假期,中国台湾,"剧情,儿童",8.7,547
天才少女,美国,"剧情,家庭",8.3,548
兹山鱼谱,韩国,"剧情,历史,古装",8.8,549
狗镇,"丹麦,瑞典,挪威,芬兰,英国,法国,德国,荷兰,意大利","剧情,悬疑,惊悚",8.4,550
为奴十二年,"美国,英国","剧情,传记,历史",8.3,551
穿普拉达的女王,"美国,法国","剧情,喜剧",8.2,552
十二夜,中国香港,"剧情,爱情",8.3,553
理智与情感,"美国,英国","剧情,爱情",8.4,554
何处是我朋友的家,伊朗,剧情,9.0,555
天才枪手,泰国,"剧情,犯罪,悬疑",8.2,556
永不妥协,美国,"剧情,传记",8.5,557
布达佩斯之恋,"德国,匈牙利","爱情,剧情",8.6,558
听说,中国台湾,"剧情,爱情",8.2,559
杰伊·比姆,印度,"剧情,犯罪",8.7,560
无间道3：终极无间,"中国大陆,中国香港","剧情,犯罪,惊悚",8.2,561
单身男子,美国,"剧情,同性",8.5,562
大路,意大利,剧情,8.9,563
魔术师,"法国,英国","剧情,动画",8.6,564
一九四二,中国大陆,"剧情,历史,战争,灾难",8.2,565
花与爱丽丝,日本,"剧情,喜剧,爱情",8.3,566
铁拳男人,美国,"剧情,家庭,传记,运动",8.8,567
诗,"韩国,法国",剧情,8.7,568
机动部队,中国香港,"犯罪,剧情",8.3,569
星际牛仔 天国之门,"日本,美国","动画,动作,喜剧,犯罪,剧情,科幻,惊悚",9.0,570
喜丧,"中国大陆,中国香港,法国","剧情,家庭",8.7,571
月升王国,美国,"剧情,儿童",8.4,572
孟买酒店,"澳大利亚,美国,印度","剧情,历史,惊悚",8.3,573
嘉年华,"中国大陆,法国",剧情,8.2,574
站台,"中国大陆,中国香港,日本,法国","剧情,历史",8.4,575
集结号,"中国大陆,中国香港","剧情,传记,历史,战争",8.2,576
人鬼情未了,美国,"剧情,爱情,奇幻",8.3,577
苏州河,"中国大陆,德国","剧情,爱情",8.2,578
社交网络,美国,"剧情,传记",8.2,579
K星异客,"美国,德国","剧情,科幻",8.5,580
危情十日,美国,"剧情,犯罪,惊悚",8.5,581
X战警：逆转未来,"美国,英国","剧情,动作,科幻,冒险",8.2,582
暗花,中国香港,"剧情,动作,犯罪,悬疑",8.3,583
天佑鲍比,美国,"剧情,传记,同性",8.9,584
追梦赤子心,美国,"传记,剧情,运动",8.7,585
猩球崛起,美国,"剧情,动作,科幻",8.2,586
侠女,"中国台湾,中国香港","剧情,动作,武侠,古装",8.6,587
我是传奇,美国,"剧情,动作,惊悚,冒险",8.2,588
大地惊雷,美国,"剧情,西部,冒险",8.4,589
洗澡,中国大陆,"剧情,喜剧,家庭",8.4,590
斗牛,中国大陆,"剧情,喜剧",8.2,591
十二怒汉（电视版）,美国,"剧情,犯罪,悬疑",9.5,592
编舟记,日本,剧情,8.6,593
独自等待,中国大陆,"喜剧,爱情,剧情",8.2,594
巴里·林登,"英国,美国","剧情,爱情,战争",8.8,595
热带鱼,中国台湾,"喜剧,剧情",8.7,596
超时空接触,美国,"剧情,科幻,悬疑,惊悚",8.4,597
西部往事,"意大利,美国","剧情,犯罪,西部",8.7,598
天才瑞普利,美国,"剧情,犯罪,惊悚",8.3,599
夜行者,美国,"剧情,犯罪,惊悚",8.3,600
红鳉鱼,日本,"剧情,传记",8.9,601
X战警：第一战,"美国,英国","动作,剧情,科幻",8.2,602
骗中骗,美国,"剧情,喜剧,犯罪",8.7,603
老男孩,韩国,"剧情,动作,悬疑,惊悚",8.2,604
八部半,"意大利,法国",剧情,8.6,605
小岛惊魂,"美国,西班牙,法国,意大利","剧情,悬疑,恐怖",8.2,606
年会不能停！,中国大陆,"剧情,喜剧",8.1,607
利兹与青鸟,日本,"剧情,动画,音乐",8.9,608
那些年，我们一起追的女孩,中国台湾,"剧情,喜剧,爱情",8.1,609
爱情神话,中国大陆,"剧情,喜剧,爱情",8.1,610
逃离德黑兰,美国,"剧情,惊悚,历史",8.2,611
追风筝的人,"美国,中国大陆",剧情,8.2,612
黄飞鸿之三：狮王争霸,"中国香港,中国大陆","剧情,动作,武侠,古装",8.2,613
伊万的童年,苏联,"剧情,战争",8.8,614
跛豪,中国香港,"传记,犯罪,剧情",8.3,615
精武门,中国香港,"动作,剧情,爱情,惊悚",8.5,616
心房客,法国,"剧情,喜剧",8.5,617
小妇人,"美国,加拿大","剧情,爱情,家庭",8.5,618
狐妖小红娘剧场版：王权富贵,中国大陆,"剧情,喜剧,爱情,动画",9.2,619
新·驯龙高手,美国,"剧情,喜剧,动作,奇幻,冒险",8.3,620
阿拉伯的劳伦斯,英国,"剧情,传记,冒险",8.7,621
如晴天，似雨天,美国,"剧情,音乐",8.3,622
痛苦与荣耀,"西班牙,法国","剧情,同性",8.5,623
情人,"法国,英国,越南","剧情,传记,爱情,情色",8.2,624
起风了,日本,"剧情,爱情,动画",8.2,625
八月迷情,美国,"剧情,音乐,爱情",8.3,626
我的父亲母亲,中国大陆,"剧情,爱情",8.2,627
捕风追影,"中国大陆,中国香港","剧情,动作,犯罪",8.1,628
当哈利遇到莎莉,美国,"喜剧,剧情,爱情",8.3,629
海滩的一天,中国台湾,"剧情,爱情",8.5,630
利刃出鞘,美国,"剧情,喜剧,犯罪,悬疑",8.1,631
风柜来的人,中国台湾,剧情,8.4,632
孔雀,中国大陆,"剧情,家庭",8.2,633
大宅门,中国大陆,"剧情,爱情,传记",9.3,634
李米的猜想,"中国大陆,中国香港","犯罪,剧情,爱情",8.1,635
云图,"美国,德国,中国香港,新加坡,中国大陆,英国,西班牙","剧情,科幻,悬疑",8.1,636
黑客帝国动画版,"美国,日本","动作,剧情,动画,科幻",8.8,637
不可饶恕,美国,"剧情,西部",8.5,638
归来,中国大陆,"剧情,历史,爱情",8.1,639
山河故人,"中国大陆,法国,日本","剧情,家庭",8.1,640
菊豆,"中国大陆,日本",剧情,8.2,641
师父,中国大陆,"剧情,动作,武侠",8.1,642
教宗的承继,"英国,意大利,阿根廷,美国","剧情,传记",8.6,643
百元之恋,日本,"剧情,运动",8.2,644
门徒,中国香港,"犯罪,剧情,惊悚",8.1,645
大河恋,美国,"剧情,家庭",8.5,646
巴黎，我爱你,"法国,列支敦士登,瑞士,德国,美国","剧情,喜剧,爱情",8.3,647
战马,美国,"剧情,战争",8.2,648
美国X档案,美国,"犯罪,剧情",8.4,649
革命之路,"美国,英国","剧情,爱情",8.2,650
杰出公民,"阿根廷,西班牙","剧情,喜剧",8.4,651
普罗旺斯的夏天,法国,"剧情,喜剧,家庭",8.3,652
斯图尔特：倒带人生,英国,剧情,8.6,653
养家之人,"爱尔兰,加拿大,卢森堡,美国,英国,法国","剧情,动画,家庭",8.3,654
孤胆特工,韩国,"剧情,动作,犯罪,惊悚",8.2,655
血色将至,美国,剧情,8.4,656
沙丘2,"美国,加拿大","剧情,动作,科幻,冒险",8.1,657
柏林苍穹下,"西德,法国","奇幻,剧情,爱情",8.7,658
杀死一只知更鸟,美国,"剧情,犯罪",8.6,659
华尔街之狼,美国,"剧情,传记,犯罪",8.1,660
将军号,美国,"剧情,喜剧,动作,战争,冒险",9.1,661
疤面煞星,美国,"犯罪,剧情,惊悚",8.4,662
关于我母亲的一切,"西班牙,法国",剧情,8.5,663
雏菊,"韩国,中国香港","剧情,爱情",8.1,664
弗兰西丝·哈,美国,"剧情,喜剧",8.5,665
秋菊打官司,"中国大陆,中国香港",剧情,8.2,666
南山的部长们,韩国,"剧情,历史,惊悚",8.2,667
罪恶之家,英国,"剧情,悬疑",8.3,668
燃烧,韩国,"剧情,犯罪,悬疑",8.1,669
鬼灭之刃：那田蜘蛛山篇,日本,"剧情,动作,动画,奇幻",9.2,670
克莱默夫妇,美国,"剧情,家庭",8.5,671
大象席地而坐,中国大陆,剧情,8.1,672
骆驼祥子,中国大陆,剧情,8.5,673
遇见你之前,"英国,美国","剧情,爱情",8.1,674
大明劫,中国大陆,"剧情,历史,古装",8.2,675
空中监狱,美国,"剧情,动作,犯罪,惊悚",8.2,676
猛龙过江,中国香港,"动作,喜剧,犯罪,剧情,惊悚",8.4,677
现在去见你,韩国,"剧情,爱情,奇幻",8.3,678
波斯语课,"俄罗斯,德国,白俄罗斯",剧情,8.1,679
德州巴黎,"西德,法国,英国,美国",剧情,8.4,680
情枭的黎明,美国,"犯罪,剧情,惊悚",8.7,681
华盛顿邮报,"美国,英国","剧情,传记,历史",8.3,682
母亲,韩国,"剧情,犯罪,悬疑,惊悚",8.3,683
对她说,"西班牙,美国","剧情,爱情",8.4,684
蓝白红三部曲之白,"法国,波兰,瑞士","喜剧,剧情,悬疑,爱情",8.3,685
金猴降妖,中国大陆,"剧情,动画,奇幻",9.2,686
濑户内海,日本,"剧情,喜剧",8.3,687
卡特教练,"美国,德国","剧情,运动",8.6,688
季春奶奶,韩国,"剧情,家庭",8.5,689
无名之辈,中国大陆,"剧情,喜剧",8.0,690
马路天使,中国大陆,"剧情,喜剧",8.6,691
新不了情,中国香港,"剧情,爱情",8.3,692
无双,"中国大陆,中国香港","剧情,动作,犯罪,悬疑",8.0,693
点球成金,美国,"剧情,传记,运动",8.3,694
蝴蝶君,"美国,加拿大","剧情,爱情,同性",8.4,695
逆光飞翔,中国台湾,"剧情,爱情",8.2,696
湄公河行动,"中国大陆,中国香港","剧情,动作,犯罪",8.0,697
荆轲刺秦王,"中国大陆,日本,法国","剧情,历史,古装",8.2,698
海上花,"中国台湾,日本",剧情,8.2,699
迷墙,英国,"剧情,动画,奇幻",8.7,700
春天的故事,法国,"喜剧,剧情,爱情",8.4,701
我在雨中等你,美国,"剧情,喜剧,爱情,运动",8.4,702
哆啦A梦：伴我同行,日本,"剧情,动画",8.1,703
珍珠港,美国,"剧情,历史,爱情,战争",8.1,704
刺杀肯尼迪,"美国,法国","传记,剧情,历史,悬疑,惊悚",8.8,705
摇摆少女,日本,"剧情,喜剧,音乐",8.6,706
火柴人,"美国,英国","剧情,喜剧,犯罪",8.2,707
和声,韩国,剧情,8.5,708
春风沉醉的夜晚,"中国大陆,法国","剧情,同性",8.1,709
黑皮书,"荷兰,德国,英国,比利时","剧情,惊悚,战争",8.4,710
8英里,"美国,德国","剧情,音乐",8.3,711
十月的天空,美国,"传记,剧情,家庭",8.7,712
蒙太奇,韩国,"剧情,犯罪,惊悚",8.2,713
危楼愚夫,俄罗斯,剧情,8.4,714
一树梨花压海棠,"法国,美国","剧情,爱情,情色",8.1,715
黑暗中的舞者,"丹麦,德国,荷兰,意大利,美国,英国,法国,瑞典,芬兰,冰岛,阿根廷,挪威,中国台湾,比利时","剧情,歌舞",8.2,716
荒野猎人,"美国,中国香港,中国台湾","剧情,动作,冒险",8.0,717
罗马,"墨西哥,美国","剧情,家庭",8.2,718
精疲力尽,法国,"剧情,爱情,犯罪",8.4,719
戏梦巴黎,"法国,英国,意大利","剧情,爱情,情色",8.1,720
蒂凡尼的早餐,美国,"喜剧,剧情,爱情",8.1,721
蝴蝶梦,美国,"剧情,爱情,悬疑",8.3,722
黑暗面,"哥伦比亚,西班牙","剧情,悬疑,惊悚",8.1,723
勇往直前,美国,"剧情,传记,灾难",8.3,724
地久天长,中国大陆,"剧情,家庭",8.0,725
了不起的盖茨比,"澳大利亚,美国","剧情,爱情",8.0,726
龙纹身的女孩,"美国,瑞典,挪威","剧情,犯罪,悬疑,惊悚",8.1,727
年轻气盛,"意大利,法国,瑞士,英国","剧情,喜剧",8.2,728
对不起，我们错过了你,"英国,法国,比利时","剧情,家庭",8.5,729
冷山,"英国,意大利,罗马尼亚,美国","剧情,爱情,战争",8.2,730
暗杀,韩国,"剧情,动作,历史,犯罪",8.1,731
福音战士新剧场版：Q,日本,"剧情,科幻,动画",8.4,732
走走停停,中国大陆,"剧情,喜剧,家庭",8.0,733
摩托日记,"阿根廷,美国,智利,秘鲁,巴西,英国,德国,法国","冒险,传记,剧情",8.5,734
本命年,中国大陆,"剧情,爱情",8.3,735
不成问题的问题,"中国大陆,法国",剧情,8.1,736
第一滴血,美国,"剧情,动作,冒险",8.3,737
小妇人,美国,"剧情,爱情",8.0,738
玫瑰人生,"法国,英国,捷克","剧情,传记,爱情,音乐",8.3,739
妈妈再爱我一次,中国台湾,"剧情,家庭",8.3,740
我们一起摇太阳,"中国大陆,中国香港","剧情,爱情,家庭",8.0,741
潜行者,苏联,"剧情,科幻,悬疑",8.8,742
无姓之人,"加拿大,比利时,法国,德国","剧情,爱情,科幻,奇幻",8.2,743
假面,瑞典,"剧情,惊悚",8.8,744
秋天的故事,法国,"剧情,爱情",8.5,745
永远的三丁目的夕阳,日本,"剧情,家庭",8.8,746
初恋这首情歌,"爱尔兰,英国,美国","剧情,爱情,音乐",8.2,747
贝利叶一家,"法国,比利时","剧情,喜剧,音乐,家庭",8.4,748
和莎莫的500天,美国,"剧情,喜剧,爱情",8.0,749
一战再战,美国,"剧情,动作,犯罪,惊悚",8.1,750
艺术家,"法国,比利时,美国","剧情,喜剧,爱情",8.3,751
赛末点,"英国,美国,爱尔兰,卢森堡","剧情,爱情,犯罪,悬疑",8.1,752
狗神,"法国,美国",剧情,8.1,753
大开眼戒,"英国,美国","剧情,悬疑,惊悚,情色",8.1,754
推拿,"中国大陆,法国",剧情,8.0,755
偶然与想象,日本,"剧情,爱情",8.3,756
七磅,美国,剧情,8.2,757
万能钥匙,"美国,德国","剧情,悬疑,恐怖",8.0,758
浪客剑心 最终章 追忆篇,日本,"剧情,动作,冒险",8.6,759
狗咬狗,中国香港,"动作,犯罪,剧情,惊悚",8.1,760
星月童话,"中国香港,日本","剧情,爱情,惊悚",8.2,761
晒后假日,"英国,美国",剧情,8.2,762
梦旅人,日本,"剧情,奇幻",8.3,763
十三条命,"美国,加拿大,英国","剧情,传记,惊悚",8.5,764
狂怒,"美国,中国大陆,英国","剧情,动作,战争",8.0,765
老狐狸,中国台湾,剧情,8.1,766
路边野餐,中国大陆,剧情,8.0,767
她比烟花寂寞,英国,"传记,剧情,音乐",8.2,768
激战,"中国香港,中国大陆","剧情,动作,运动",8.0,769
第七封印,瑞典,"剧情,奇幻",8.5,770
国家公敌,美国,"动作,剧情,惊悚",8.2,771
太极旗飘扬,韩国,"动作,剧情,战争",8.3,772
最后的决斗,"美国,英国","剧情,历史",8.3,773
宿敌,印度,"剧情,犯罪,悬疑",8.5,774
无依之地,美国,剧情,8.1,775
理查德·朱维尔的哀歌,美国,"剧情,传记,犯罪",8.2,776
西线无战事,美国,"剧情,动作,历史,战争",9.0,777
黄昏的清兵卫,日本,"剧情,历史,爱情",8.8,778
绝杀慕尼黑,俄罗斯,"剧情,运动",8.1,779
唐人街,美国,"犯罪,剧情,悬疑,惊悚",8.4,780
菲利普船长,美国,"剧情,传记,惊悚",8.2,781
窈窕淑女,美国,"剧情,爱情,歌舞",8.2,782
秋刀鱼之味,日本,"剧情,家庭",8.6,783
通天塔,"法国,美国,墨西哥",剧情,8.1,784
风雨哈佛路,美国,"剧情,传记",8.1,785
金色梦乡,日本,"剧情,悬疑",8.3,786
偶滴神啊,印度,"剧情,喜剧",8.4,787
内布拉斯加,美国,"剧情,喜剧,家庭",8.6,788
邮差,"意大利,法国,比利时","传记,喜剧,剧情,爱情",8.9,789
摇滚红与黑,法国,"剧情,音乐,歌舞",9.2,790
杀手没有假期,"英国,美国","剧情,喜剧,犯罪",8.1,791
两生花,"法国,波兰,挪威","剧情,爱情,奇幻",8.3,792
蓦然回首,日本,"剧情,动画",8.1,793
给爸爸的信,"中国香港,中国大陆","剧情,动作,犯罪",8.1,794
双姝奇缘,法国,"剧情,喜剧",8.7,795
人生密密缝,日本,"剧情,同性,家庭",8.5,796
天鹅绒金矿,"英国,美国","剧情,同性,音乐",8.4,797
椿三十郎,日本,"剧情,喜剧,动作,犯罪,惊悚",8.8,798
冬天的故事,法国,"剧情,爱情",8.5,799
海洋天堂,"中国大陆,中国香港",剧情,8.0,800
间谍之桥,"美国,德国,印度","剧情,传记,历史",8.2,801
喊·山,中国大陆,"剧情,爱情,犯罪",8.1,802
鸟人,"美国,墨西哥","剧情,喜剧",8.0,803
我脑中的橡皮擦,韩国,"爱情,剧情",8.0,804
喋血街头,中国香港,"剧情,动作,犯罪,惊悚",8.2,805
花木兰,美国,"动画,冒险,剧情,家庭",8.0,806
志明与春娇,中国香港,"喜剧,剧情,爱情",7.9,807
给桃子的信,日本,"剧情,动画",8.3,808
唐山大地震,中国大陆,"剧情,历史,灾难",7.9,809
紫色,美国,剧情,8.7,810
婚姻生活,瑞典,"剧情,爱情",9.0,811
飞行家,"美国,德国","剧情,传记",8.1,812
夺宝奇兵3,美国,"剧情,动作,奇幻,冒险",8.3,813
因父之名,"爱尔兰,英国,美国","传记,剧情",8.7,814
听见天堂,意大利,"剧情,儿童",8.8,815
追凶者也,中国大陆,"剧情,喜剧,犯罪",7.9,816
新警察故事,"中国大陆,中国香港","动作,犯罪,剧情,惊悚",7.9,817
投奔怒海,中国香港,剧情,8.5,818
听到涛声,日本,"剧情,爱情,动画",8.2,819
祝你好运，里奥·格兰德,英国,"剧情,喜剧",8.1,820
囚徒,美国,"剧情,犯罪,悬疑",8.1,821
谜一样的双眼,"阿根廷,西班牙","剧情,爱情,犯罪,悬疑",8.2,822
青之炎,日本,"剧情,犯罪,爱情",8.6,823
木偶奇遇记,美国,"剧情,动画,奇幻,音乐",8.4,824
交响情人梦 最终乐章 后篇,日本,剧情,8.8,825
127小时,"美国,英国","剧情,传记,冒险",8.1,826
愤怒的公牛,美国,"剧情,传记,运动",8.4,827
醉乡民谣,"美国,英国,法国","剧情,音乐",8.1,828
熊的故事,"法国,美国",剧情,9.0,829
戏台,"中国大陆,中国香港","剧情,喜剧",7.9,830
癫佬正传,中国香港,剧情,8.6,831
投名状,"中国大陆,中国香港","剧情,动作,战争,古装",7.9,832
一天,"美国,英国","剧情,爱情",7.9,833
青春猪头少年不会梦到怀梦美少女,日本,"剧情,爱情,动画",8.7,834
契克,德国,"剧情,喜剧",8.4,835
我爱你！,"中国大陆,中国香港","剧情,爱情,家庭",7.9,836
上帝之国,英国,"剧情,爱情,同性",8.4,837
虞美人盛开的山坡,日本,"剧情,动画",8.1,838
局内人,韩国,"剧情,动作,犯罪,惊悚",8.1,839
海鸥食堂,日本,"喜剧,剧情",8.3,840
孩子王,中国大陆,剧情,8.3,841
我和厄尔以及将死的女孩,美国,"剧情,喜剧",8.2,842
夏目友人帐,日本,"剧情,动画,奇幻",8.0,843
气球,德国,"剧情,历史,惊悚",8.4,844
祖与占,法国,"剧情,爱情",8.4,845
壁花少年,美国,"剧情,爱情",8.0,846
佛罗里达乐园,美国,"剧情,儿童",8.1,847
光荣之路,美国,"剧情,传记,运动",8.5,848
洪熙官,中国香港,"剧情,动作,冒险,武侠,古装",8.0,849
毕业生,美国,"剧情,喜剧,爱情",8.0,850
男人四十,中国香港,剧情,8.1,851
金鸡,中国香港,"剧情,喜剧",8.1,852
附注：我爱你,美国,"剧情,爱情",8.1,853
女人步上楼梯时,日本,剧情,9.1,854
决战之后,中国大陆,"剧情,战争",9.1,855
南极料理人,日本,"剧情,喜剧",8.2,856
成为约翰·马尔科维奇,美国,"喜剧,剧情,奇幻,爱情",8.3,857
高地战,韩国,"剧情,战争",8.5,858
赌侠,中国香港,"剧情,喜剧",7.9,859
放大,"英国,意大利","剧情,悬疑,惊悚",8.4,860
耳朵大有福,"中国大陆,韩国","剧情,喜剧,家庭",8.2,861
轻音少女 剧场版,日本,"剧情,动画,音乐",9.3,862
回家的路,韩国,"剧情,犯罪,家庭",8.4,863
孤味,中国台湾,"剧情,家庭",8.0,864
飞向太空,苏联,"剧情,科幻,悬疑",8.6,865
处女泉,瑞典,"犯罪,剧情",8.5,866
香港制造,中国香港,"剧情,爱情,犯罪",8.2,867
我自己的爱达荷,美国,"剧情,爱情,同性",8.3,868
空房间,"韩国,日本","剧情,爱情,犯罪",8.0,869
香火,中国大陆,剧情,8.4,870
致允熙,韩国,"剧情,同性",8.4,871
宾虚,美国,"剧情,动作,历史,战争,冒险",8.7,872
朱莉与朱莉娅,美国,"剧情,传记",8.1,873
我的名字叫可汗,印度,"剧情,爱情",8.4,874
伯德小姐,美国,"剧情,家庭",7.9,875
阳光姐妹淘,日本,"剧情,喜剧,歌舞",8.3,876
金氏漂流记,韩国,"剧情,喜剧,爱情",8.3,877
光棍儿,中国大陆,"剧情,喜剧,同性",8.1,878
双重赔偿,美国,"剧情,犯罪,悬疑,惊悚,黑色电影",8.5,879
水牛城66,"美国,加拿大","喜剧,犯罪,剧情,爱情",8.4,880
朝圣之路,"美国,西班牙","剧情,喜剧,冒险",8.4,881
在西伯利亚森林中,法国,"剧情,冒险",8.7,882
摩加迪沙,韩国,"剧情,动作",8.1,883
西伯利亚的理发师,"俄罗斯,法国,意大利,捷克","喜剧,剧情,爱情",8.6,884
夏天的故事,法国,"剧情,爱情",8.3,885
未知死亡,印度,"动作,剧情,悬疑,爱情,惊悚",8.1,886
罗斯玛丽的婴儿,美国,"剧情,恐怖",8.2,887
蓝色茉莉,美国,"剧情,家庭",8.0,888
丈夫得了抑郁症,日本,"剧情,爱情,家庭",8.2,889
杀戮,"法国,德国,波兰,西班牙","剧情,喜剧",8.2,890
超感猎杀：圣诞特别篇,美国,"剧情,科幻,同性",8.7,891
特写,伊朗,"犯罪,剧情",8.8,892
托斯卡纳艳阳下,"美国,意大利","喜剧,剧情,爱情",8.1,893
浪客剑心,日本,"剧情,动作,古装",8.1,894
五至七时的克莱奥,"法国,意大利","喜剧,剧情,音乐",8.7,895
十分钟年华老去：小号篇,"西班牙,英国,德国,芬兰,中国大陆,美国,日本,加拿大",剧情,8.5,896
沦落人,中国香港,剧情,8.2,897
平常的心,美国,"剧情,历史,同性",8.4,898
潘神的迷宫,"西班牙,墨西哥","剧情,战争,奇幻",7.9,899
东方快车谋杀案,英国,"剧情,犯罪,悬疑",8.3,900
危情三日,"美国,法国","剧情,动作,爱情,犯罪,惊悚",8.1,901
头文字D,"中国香港,日本","剧情,动作",7.8,902
训练日,美国,"犯罪,剧情,惊悚",8.1,903
大逃杀,日本,"剧情,惊悚",7.9,904
东京塔,日本,"剧情,家庭",8.6,905
美国精神病人,"美国,加拿大","剧情,犯罪,恐怖",8.0,906
我这一辈子,中国大陆,"剧情,历史",8.8,907
叶问,"中国香港,中国大陆","动作,传记,剧情,历史",7.8,908
同学麦娜丝,中国台湾,"剧情,喜剧",7.9,909
西雅图未眠夜,美国,"喜剧,爱情,剧情",7.9,910
喜福会,美国,"剧情,爱情",8.4,911
下一个素熙,韩国,剧情,8.3,912
小鹿斑比,美国,"剧情,动画",8.6,913
全民目击,中国大陆,"剧情,犯罪,悬疑",7.8,914
我杀了我妈妈,加拿大,"剧情,同性,家庭",8.3,915
黑太阳731,中国香港,"剧情,历史,恐怖,战争",8.3,916
边境风云,中国大陆,"剧情,犯罪",7.9,917
惊天魔盗团,"美国,法国","剧情,犯罪,悬疑",7.8,918
居家男人,美国,"剧情,喜剧,爱情,家庭,奇幻",8.2,919
铁皮鼓,"西德,波兰,法国,南斯拉夫","剧情,历史,战争",8.3,920
中南海保镖,中国香港,"剧情,动作",7.9,921
乘船而去,中国大陆,"剧情,家庭",8.1,922
光荣的愤怒,中国大陆,剧情,8.2,923
在云端,美国,"剧情,喜剧,爱情",7.9,924
隧道,韩国,剧情,7.9,925
起跑线,印度,"剧情,喜剧",7.9,926
招魂2,"加拿大,美国,英国","剧情,悬疑,恐怖",7.9,927
钢琴课,"新西兰,澳大利亚,法国","剧情,爱情,音乐",8.1,928
客途秋恨,"中国香港,中国台湾","剧情,家庭",8.5,929
小男孩,"墨西哥,美国","剧情,喜剧,战争",8.3,930
人·鬼·情,中国大陆,剧情,8.7,931
欲望号街车,美国,剧情,8.4,932
硫磺岛的来信,美国,"剧情,历史,战争",8.2,933
守法公民,美国,"剧情,动作,犯罪",8.0,934
流浪猫鲍勃,英国,"剧情,喜剧,传记",7.9,935
巴比伦,美国,"剧情,喜剧,历史",8.0,936
迫在眉梢,美国,"剧情,犯罪,惊悚",8.3,937
鲁冰花,中国台湾,"家庭,剧情",8.8,938
木乃伊,美国,"剧情,动作,奇幻,冒险",7.9,939
降临,"美国,加拿大","剧情,科幻",7.8,940
夜奔,"中国台湾,中国大陆","剧情,爱情,同性",8.2,941
续命之徒：绝命毒师电影,美国,"剧情,犯罪,惊悚",8.1,942
刀,"中国香港,中国大陆","剧情,动作,武侠",8.1,943
麦兜，菠萝油王子,中国香港,"剧情,喜剧,动画",8.1,944
杀生,中国大陆,"剧情,悬疑",7.8,945
处子之山,"冰岛,丹麦","剧情,爱情",8.5,946
男与女,韩国,"剧情,爱情",8.1,947
两小无猜,"法国,比利时","喜剧,剧情,爱情",7.8,948
一念无明,中国香港,"剧情,家庭",7.9,949
关于莉莉周的一切,日本,剧情,7.9,950
狂人皮埃罗,"法国,意大利","剧情,爱情,犯罪",8.4,951
花魁,日本,"剧情,历史",8.1,952
他其实没那么喜欢你,"美国,德国,荷兰","喜剧,剧情,爱情",7.8,953
旺角卡门,中国香港,"犯罪,剧情,爱情",7.8,954
奇迹,中国香港,"动作,喜剧,犯罪,剧情",8.1,955
半生缘,"中国香港,中国大陆","剧情,爱情",7.9,956
心之全蚀,"英国,法国,比利时","剧情,传记,爱情,同性",8.1,957
浓情巧克力,"英国,美国","剧情,爱情",8.0,958
两小无猜,英国,"剧情,爱情",8.5,959
每当变幻时,"中国大陆,中国香港","喜剧,剧情,爱情",8.0,960
空山灵雨,中国香港,"剧情,动作,武侠,古装",8.5,961
芬妮的旅程,"法国,比利时","剧情,战争",8.5,962
流感,韩国,"剧情,动作,冒险",7.8,963
借着雨点说爱你,日本,"剧情,奇幻,爱情",8.5,964
澄沙之味,"日本,法国,德国",剧情,8.3,965
布拉格之恋,美国,"剧情,爱情",8.2,966
甜蜜的生活,"意大利,法国","剧情,喜剧",8.6,967
唐顿庄园：2015圣诞特别篇,"英国,美国","剧情,家庭",9.5,968
非常主播,韩国,"喜剧,剧情,音乐",7.9,969
怒火救援,"美国,英国,墨西哥,德国","动作,剧情,惊悚",8.1,970
本能,"美国,法国","剧情,悬疑,惊悚",7.9,971
祈祷落幕时,日本,"剧情,悬疑",7.9,972
冰血暴,"美国,英国","犯罪,剧情,惊悚",8.0,973
爱情短片,波兰,"剧情,爱情",8.7,974
边境杀手,"美国,墨西哥,中国香港","剧情,犯罪,惊悚",7.8,975
大佬,"日本,英国,美国","犯罪,剧情,惊悚",8.4,976
八两金,中国香港,"剧情,喜剧,爱情",8.4,977
流浪者之歌,"意大利,英国,南斯拉夫","喜剧,犯罪,剧情,奇幻",9.0,978
看上去很美,"中国大陆,意大利","喜剧,剧情",7.9,979
最后的假期,美国,"冒险,喜剧,剧情",8.4,980
你好，李焕英,中国大陆,"剧情,喜剧,奇幻",7.7,981
将来的事,"法国,德国",剧情,8.2,982
日日是好日,日本,剧情,8.2,983
转山,"中国大陆,中国台湾","剧情,冒险",7.9,984
弗兰兹,"法国,德国","剧情,历史,爱情,战争",8.4,985
平原上的夏洛克,中国大陆,"剧情,喜剧,悬疑",7.8,986
活埋,"西班牙,英国,美国,法国","剧情,悬疑,惊悚",7.9,987
恐袭波士顿,美国,"剧情,历史,惊悚",8.0,988
恶人传,韩国,"剧情,动作,犯罪",7.8,989
唐顿庄园,"英国,美国",剧情,8.0,990
四月三周两天,罗马尼亚,剧情,8.4,991
乐土,"巴基斯坦,美国","剧情,同性",8.6,992
战舰波将金号,苏联,"剧情,历史,战争",8.7,993
疯狂的小镇,中国大陆,剧情,8.9,994
冈仁波齐,中国大陆,剧情,7.8,995
芳华,中国大陆,"剧情,历史,战争",7.7,996
新桥恋人,法国,"剧情,爱情",8.2,997
丘奇先生,美国,"剧情,喜剧",8.6,998
死者田园祭,日本,"剧情,奇幻",8.8,999
赌城风云,"美国,法国","传记,犯罪,剧情",8.3,1000
爱的曝光,日本,"动作,喜剧,剧情,爱情",8.3,1001
欢迎来到东莫村,韩国,"喜剧,剧情,战争",8.2,1002
绝美之城,"意大利,法国",剧情,8.2,1003
奇幻森林,"英国,美国","剧情,奇幻,冒险",7.8,1004
天使之城,"美国,德国","剧情,爱情,奇幻",7.9,1005
每分钟120击,法国,"剧情,同性",8.3,1006
网络谜踪2,美国,"剧情,惊悚",7.9,1007
一个都不能少,中国大陆,剧情,7.8,1008
绣春刀,中国大陆,"剧情,动作,武侠,古装",7.7,1009
裁缝,澳大利亚,剧情,7.9,1010
安东尼娅家族,"荷兰,比利时,英国","剧情,喜剧",9.1,1011
鲭鱼罐头,日本,剧情,8.5,1012
与神同行：罪与罚,韩国,"剧情,奇幻",7.8,1013
迷失东京,"美国,日本","剧情,爱情",7.8,1014
骡子,美国,"剧情,犯罪",7.9,1015
解救吾先生,中国大陆,"剧情,犯罪",7.7,1016
寻枪,中国大陆,"犯罪,剧情,悬疑",7.8,1017
午夜巴塞罗那,"西班牙,美国","剧情,爱情",7.8,1018
呼喊与细语,瑞典,"剧情,爱情",8.5,1019
罗曼蒂克消亡史,"中国大陆,中国香港",剧情,7.7,1020
朱诺,"美国,加拿大","剧情,喜剧,爱情",7.8,1021
沙丘,美国,"剧情,科幻,冒险",7.7,1022
智取威虎山,"中国大陆,中国香港","剧情,动作,战争,冒险",7.7,1023
普吉岛的最后黄昏,泰国,"剧情,喜剧,同性",8.7,1024
史崔特先生的故事,"法国,英国,美国","剧情,传记",8.5,1025
彗星美人,美国,剧情,8.7,1026
狙击手,中国大陆,"剧情,历史,战争",7.7,1027
白兔糖,日本,"剧情,喜剧",8.0,1028
倒数时刻,美国,"剧情,传记,歌舞",8.1,1029
赴汤蹈火,美国,"剧情,犯罪,西部",8.1,1030
浪客剑心：传说的完结篇,日本,"剧情,动作",8.2,1031
过春天,中国大陆,剧情,7.7,1032
地雷战,中国大陆,"剧情,战争",8.1,1033
神奇动物在哪里,"英国,美国","剧情,奇幻,冒险",7.7,1034
驾驶我的车,日本,剧情,7.9,1035
突袭2：暴徒,"印度尼西亚,美国","剧情,动作,犯罪",8.1,1036
英雄,"中国大陆,中国香港","剧情,动作,武侠,古装",7.7,1037
练习曲,中国台湾,剧情,8.0,1038
布鲁克林,"英国,加拿大,爱尔兰","剧情,爱情",7.9,1039
十月围城,"中国香港,中国大陆","动作,剧情,历史",7.7,1040
灰猎犬号,"美国,加拿大,中国大陆","剧情,战争",7.8,1041
玻璃之城,中国香港,"剧情,爱情",7.9,1042
布朗克斯的故事,美国,"犯罪,剧情",8.8,1043
窃听风云,"中国香港,中国大陆,新加坡","动作,剧情,惊悚",7.7,1044
茜茜公主2,奥地利,"剧情,历史,爱情",8.4,1045
红柿子,中国台湾,"剧情,家庭",8.9,1046
十七岁的单车,"中国大陆,中国台湾,法国",剧情,7.8,1047
艋舺,中国台湾,"剧情,动作,犯罪",7.7,1048
为黛西小姐开车,美国,"喜剧,剧情",8.3,1049
巴尔扎克与小裁缝,"中国大陆,法国","传记,剧情,爱情",8.0,1050
古惑仔3之只手遮天,中国香港,"动作,剧情",7.8,1051
没完没了,中国大陆,"剧情,喜剧",7.8,1052
一江春水向东流,中国大陆,剧情,8.6,1053
007：大战皇家赌场,"英国,捷克,美国,德国,巴哈马","剧情,动作,惊悚,冒险",7.8,1054
夜半歌声,"中国香港,中国大陆,新加坡","剧情,爱情,惊悚,音乐",7.9,1055
看见恶魔,韩国,"剧情,犯罪,惊悚",7.9,1056
五亿探长雷洛传1：雷老虎,中国香港,"动作,犯罪,剧情,爱情",7.9,1057
甘地传,"英国,印度,美国","传记,剧情,历史",8.5,1058
女性瘾者：第一部,"丹麦,德国,法国,比利时,英国","剧情,情色",7.9,1059
地球之夜,"法国,英国,德国,美国,日本","喜剧,剧情",8.2,1060
彩虹照耀,"加拿大,爱尔兰","剧情,家庭",8.7,1061
如果·爱,"中国大陆,中国香港,马来西亚","剧情,歌舞,爱情",7.7,1062
2046,"中国香港,中国大陆,法国,意大利,德国","剧情,爱情,奇幻",7.7,1063
姐姐的守护者,美国,"剧情,家庭",8.2,1064
白日之下,中国香港,"剧情,犯罪",7.8,1065
猜火车2,英国,"剧情,犯罪",8.0,1066
黑金,中国香港,"剧情,动作,犯罪",7.8,1067
总有一天,丹麦,剧情,8.6,1068
