Title,Author,Date,Abstract
港股马年首个交易日：恒科指跌超2%，AI应用股逆势大涨,叶慧雯,2026-02-20,恒生指数跌1.15%，恒生科技指数跌幅扩大至2.53%。哔哩哔哩跌近4%，阿里巴巴、百度集团均跌3%左右。AI应用股走强，海致科技集团涨15%，Minimax、智谱涨逾5%。
学习英伟达刺激芯片销售，AMD为“AI云”借款做担保,杨宸,2026-02-20,AMD为扩大市场份额祭出金融“狠招”！为初创公司Crusoe的3亿美元购芯贷款提供担保，承诺在其无客户时“兜底”租用芯片。这一复刻英伟达“租卡云”路径的策略虽能短期推高销量，但也令AMD在AI需求放缓时面临更大的风险敞口。
“关税战”元年效果不显！美国去年进口、商品贸易逆差双双创新高,杨宸,2026-02-20,关税大棒失效？美国加征关税首年，进口额不降反升，全年进口额升至4.33万亿美元，商品贸易逆差扩大至1.24万亿美元创历史新高。瑞杰金融集团投资策略部首席经济学家称，关税对整体逆差水平的影响很小。
沃尔玛四季度财报超预期但盈利指引不及预期，CEO称“美国低收入家庭只能勉强维持生计”,叶慧雯,2026-02-20,沃尔玛Q4营收超预期，新财年盈利指引（每股2.75-2.85美元）远低于市场预期的2.96美元，显示通胀压力下消费者支出不确定性犹存，拖累股价下跌1.38%。财报印证 K型”分化：高收入家庭驱动增长，低收入群体“钱包吃紧”。此外，亚马逊年营收首次超越沃尔玛，零售竞争格局生变。
谷歌突然发布Gemini 3.1 Pro：核心推理性能直接翻倍,杨宸,2026-02-20,谷歌大模型底座重磅升级！Gemini 3.1 Pro正式发布，推理性能翻倍，在逻辑破解评测中得分暴涨至77.1%，代码能力直逼Opus 4.6。新模型主打多源数据综合与复杂任务拆解，即日起全线推送预览版，谷歌AI生态再度提速。
鹰派“沃什冲击”消退后，黄金白银剧烈震荡,佚名,1970-01-01,无摘要
华尔街见闻早餐FM-Radio | 2026年2月20日,朱希,2026-02-20,五分钟看懂全球市场，尽在财经早餐。
2月20日会员早报：英伟达预告“炸裂级”新芯片 美国12月现巨额贸易逆差,乐鸣,2026-02-20,亚马逊营收首超沃尔玛。
科技股拖累美股，金融股砸盘，美伊开打危险撑原油至半年新高，降息分歧压制黄金涨势,李丹,2026-02-20,三大美股指止步两连涨；金融板块领跌标普，限制旗下基金赎回的资管公司Blue Owl跌近6%；年度指引逊色的沃尔玛跌超1%；苹果跌超1%。指引不佳的空客跌近7%。美失业数据后，美债收益率靠近日高；美元指数创近四周新高。美EIA库存意外锐减，原油盘中涨超2%。黄金盘中曾转跌、艰难上攻5000美元关口。
特朗普阵营的坚定降息派动摇了？美联储理事米兰：劳动力市场改善可令今年少些降息,张茜,2026-02-20,米兰表示，最新数据表明，就业状况比他此前预期的更为稳健，而商品通胀则显得更加顽固。因此，他表示，与两个月前相比，他已不再认为美联储今年应按原计划那样大幅降息。
亚马逊年度营收首超沃尔玛，零售双雄加码AI竞赛,张茜,2026-02-20,亚马逊取代沃尔玛，成为年营收最高的公司。沃尔玛周四公布，其最近一个财年的年度营收为7132亿美元，这略低于亚马逊的7169亿美元。两家公司在人工智能领域采取了不同的策略：亚马逊大幅加大了对人工智能的投资，而沃尔玛则更依赖技术合作伙伴关系。
中国AI独角兽的进阶之路,佚名,1970-01-01,无摘要
“10-15天”最后通牒？特朗普：美伊必须达成有意义协议，否则发生“糟糕的事”,李丹,2026-02-20,周四特朗普称，预计未来十天左右知道能否与伊朗达成协议；内塔尼亚胡警告伊朗，以色列“为任何情况做好准备”，强调以方正与美国“并肩作战”应对伊方威胁。国际原子能机构总干事称，美国在中东军事集结意味着，伊朗的外交窗口正在关闭。周三消息称，美军已做好最早本周末对伊发动军事打击的准备。周四媒体称，特朗普考虑以有限打击迫使伊朗接受美方核协议要求。
PE危机的“贝尔斯登时刻”？Blue Owl限制赎回、抛售贷款，股价创两年半新低,和钊宇,2026-02-20,另类资产管理巨头Blue Owl Capital因限制旗下私募信贷基金季度赎回并大规模出售贷款以提供流动性，引发市场对1.8万亿美元私募信贷市场风险的担忧，公司股价周四盘中大跌约10%，收跌5.9%，并拖累同行、美股大盘甚至欧洲私募股权板块走低。该公司OBDC II赎回申请已超5%上限，公司通过出售接近票面价值的贷款筹资返还投资者资金，但行业对估值透明度、贷款质量及流动性压力的疑虑再度升温。与此同时，美国银行宣布投入250亿美元加码私募信贷，显示资金仍在持续涌入这一快速扩张但争议升温的市场。
巴菲特退休前为数不多的加仓又又“爆雷”  4000亿美元现金很快就要派上用场了！？,乐鸣,2026-02-20,这种单纯由财富效应和财政刺激维持的繁荣，总有一天会崩塌。
币价大跌不用慌？特朗普家族加密货币平台海湖庄园办大会，华尔街态度转向,李丹,2026-02-20,本周三的海湖庄园活动期间，昔日怀疑加密货币的高盛CEO苏德巍透露，他本人持有数量非常有限的比特币。曾称比特币是干扰的富兰克林邓普顿CEO称，设想加密货币公司与传统金融机构能携手合作。特朗普的长子称去年其家族推出的稳定币将保护美元霸权，称传统银行体系是“庞氏骗局”。
印度AI峰会现尴尬一幕！OpenAI与Anthropic掌门人拒绝在合影时牵手,和钊宇,2026-02-20,在印度AI峰会合影环节，OpenAI首席执行官Sam Altman与Anthropic首席执行官Dario Amodei并肩而立却拒绝牵手，尴尬一幕迅速在社交媒体传播。今年以来，两家公司的竞争不断升级，Anthropic旗下Claude Code加速扩张、OpenAI反击挖角人才，双方也围绕“是否投放广告”公开交锋。
中美商业航天竞争加速,佚名,1970-01-01,无摘要
美国12月贸易逆差扩大，去年全年录得1960年以来最大逆差之一,张茜,2026-02-20,尽管特朗普政府努力缩小美国的巨额贸易缺口，但全年贸易失衡情况基本未发生明显变化。全年来看，美国贸易逆差为9015亿美元，较2024年仅小幅下降0.2%，即减少21亿美元。这一总额也略低于2022年创纪录的9237亿美元逆差。
美角色转变重塑油价格局，中下行缩表趋势或将延续，财政回笼无碍国内资金宽松---0219宏观脱水,苏健城,2026-02-19,受电气化与清洁能源转型的影响，原油长期需求弹性持续下降。美国已从全球最大原油消费国转变为最大生产国与...
中美AI赛道比拼：算力之外，数据才是终极变量【王紫敬大师课3.1】,王紫敬,2026-02-19,4000万公务员赋能数据掘金？
连续三年净卖出股票、短期国债持有量与美联储相当 巴菲特这是在干什么！？,乐鸣,2026-02-19,五年内发生的可能性不低。
薄膜铌酸锂行业展望：光子时代崛起，重构产业关键,安海,2026-02-19,薄膜铌酸锂和磷化铟是我们认为2026年值得关注的新材料领域。
对于伊朗和油价，特朗普是“自信过头”还是“姿态做足”？,李佳,2026-02-19,彭博专栏作者哈维尔·布拉斯表示，白宫不应仅凭去年轰炸伊朗未引发油价飙升，就断定未来军事行动不会冲击能源市场。尽管美国能源部长赖特将油价平稳归功于“能源主导议程”与创纪录产量，但市场韧性不等于免疫。若美方误判伊朗以石油为武器的反击底线，中东能源设施恐在下一场冲突中沦为真正目标。
最尴尬的握手,,2026-02-19,无摘要
三星电子股价飙至历史新高！报道：公司HBM4芯片拟大幅提价30%,李佳,2026-02-19,据韩媒报道，三星正就新一代HBM4芯片展开价格谈判，报价较上代产品高出最多30%，达到约700美元。消息传出后，三星电子股价飙升至历史新高。机构认为，AI内存市场供给仍然紧张，三星在高端市场重获定价权。
全球最大主权基金CEO：先买再研究，投资靠直觉！,,2026-02-19,无摘要
外资扫货日股，单周净买入规模创2014年以来之最！,赵颖,2026-02-19,高市早苗的财政扩张计划、日元疲软为出口商带来利好，以及全球投资者正在美国市场之外寻找更可靠的收益来源，共同推动了这波外资流入潮。
特朗普大战鲍威尔，誓夺美联储控制权,佚名,1970-01-01,无摘要
鹰派预期升温！多数经济学家预测日央行将提前加息，最早或在3月,李佳,2026-02-19,市场对日央行加息的预期显著提前。日本银行业协会会长近日表示，央行最早可能在3月或4月启动加息。路透调查显示，多数经济学家预计6月底前政策利率将上调至1%，共识加息预期从9月前移至上半年。通胀数据滞后给4月会议带来“盲飞”挑战，市场密切关注高市早苗是否会施压央行维持低利率。
全球财政刺激“雷声大雨点小”？瑞银预计仅为2026年GDP增长贡献8个基点,张雅琦,2026-02-19,瑞银研究指出，2026年全球财政刺激实际影响接近中性，对GDP增长贡献仅约8个基点。尽管美、日、德等国法案热度高，但由于执行速度缓慢及新兴市场财政整固，实际力度远低于历史水平。全球经济仍需寻找内生动力，而非寄希望于政策红利。
弃美债买黄金后，现在轮到亚洲货币和能源了？,,2026-02-19,无摘要
黄仁勋预告“前所未见”的芯片新品，下一代Feynman架构或成焦点,赵颖,2026-02-19,"黄仁勋预告今年的GTC大会上发布""世界从未见过""的全新芯片产品，分析认为新品可能涉及Rubin系列衍生产品或更具革命性的Feynman架构芯片，市场预期Feynman架构将针对推理场景进行深度优化。"
全球最大主权基金CEO：人越怪、才越赚,,2026-02-19,无摘要
“高市冲击”下，日债遭遇抛售风暴，收益率迈入“4时代”,佚名,1970-01-01,无摘要
三星、海力士“调整战略”：新存储工厂生产计划提前,李佳,2026-02-19,SK海力士计划将其龙仁一期晶圆厂的试运行时间提前至明年2-3月，三星电子将平泽P4工厂的投产时间从明年一季度提前至今年四季度，生产规划前移约三个月。调整源于AI数据中心扩张导致供应严重短缺，主要客户需求满足率仅60%。市场普遍预期供应紧张将持续至2027年，需求增速持续高于供给。
“硬件防御”对冲AI焦虑，苹果与纳指相关性创20年新低,张雅琦,2026-02-19,AI浪潮下，苹果因未深度卷入军备竞赛，与纳指相关性创20年新低，成为科技股动荡中的“避风港”。在AI投资回报存疑及软件业面临颠覆的焦虑中，苹果凭借不易受冲击的硬件生态逆势突围。尽管存在估值偏高及增长放缓压力，其独特的“AI中性”定位使其具备了罕见的防御价值。
“这很难，但我相信你们”！黄仁勋上周宴请SK海力士工程师，亲自敬酒，敦促“无延迟交付HBM4”,张雅琦,2026-02-19,英伟达CEO黄仁勋罕见“亲自出马”，在硅谷韩式餐厅宴请30多名工程师，敦促SK海力士按时交付第六代HBM4。随着三星率先出货搅动战局，这场关乎下一代AI芯片Vera Rubin成败的供应链争夺战已进入白热化，SK海力士能否守住55%的市场份额，未来数月的执行力将是生死关键。
为AI交易“背书”！OpenAI正敲定新一轮融资：以8300亿美元估值募资高达1000亿美元,李佳,2026-02-19,OpenAI正以8300亿美元估值推进新一轮融资，目标筹集1000亿美元。软银拟领投300亿美元，亚马逊和英伟达可能各投500亿及300亿美元，微软拟投数十亿美元。本轮融资是OpenAI自去年秋季公司制改革以来的首次，公司高管们已讨论过最早在第四季度上市。
高盛：美国移民骤降80%重塑就业“盈亏平衡点”，AI成劳动力市场最大变数,李佳,2026-02-19,高盛指出，受特朗普政府移民限制政策影响，美国净移民人数骤降80%，预计2026年将进一步降至20万人。劳动力供给的急剧收缩，已将从现在到年底维持失业率稳定所需的月均就业增长门槛，从7万人大幅压低至约5万人。招聘不再需要像以往那样强劲，便能维持失业率稳定。
特朗普企图吞并格陵兰，欧美激烈交锋！,佚名,1970-01-01,无摘要
这一次不一样？美军做好“最早本周末打击伊朗”准备，油价会如何？,张雅琦,2026-02-19,美伊局势骤燃，美军已集结起自2003年伊拉克战争以来最大规模的空中力量。与去年25分钟的速战不同，此次潜在行动或持续数周，目标直指伊朗核设施与导弹库。市场正评估供应中断风险，极端情景下油价恐突破130美元。尽管武力威慑升级，但大选年对通胀风险的顾虑，令部分投资者对美方是否最终动武仍持怀疑态度。
OpenClaw引爆“廉价主机需求”，这家英国电脑制造商股价三天几乎翻倍,李佳,2026-02-19,OpenClaw作为可在个人电脑本地执行的AI代理，引发市场对“廉价主机”的追捧，英国低成本计算机制造商树莓派股价三个交易日近乎翻倍，市值一度触及10亿英镑。分析称，此轮行情具备典型“模因股”特征：一则引爆社交媒体的帖子、一个看似低估的股价，以及可被视作对手盘的大量空头头寸。
什么样的软件会被AI淘汰？,张雅琦,2026-02-19,2026年软件回调引发“终值辩论”，高盛认为，市场担忧焦点已从短期增长转向护城河是否被AI削薄。传统的系统记录层（SoR，如ERP/CRM）因掌握核心结构化数据且迁移成本极高，最不容易被彻底替代，但其价值正面临向跨系统推理的“代理编排层”迁移的风险。相比之下，护城河较弱、依赖简单UI或单一工作流的应用软件最容易被AI去中介化或被横向平台替代。
日元日债严阵以待！高市内阁即将揭晓央行委员人选，激进宽松派或上位？,李佳,2026-02-19,日本首相高市早苗即将提名两位央行政策委员，市场正密切关注其人选释放的政策信号。调查显示多数观察人士预计新委员将带有再通胀倾向，若两名激进宽松派同时上位，可能加剧日元贬值和债市波动。
缺电、缺水、缺人还抢地！美国数据中心建设狂潮面临阻力,张雅琦,2026-02-19,科技巨头掀起的数据中心基建狂潮正遭遇严峻“现实墙”：从电网容量、水资源瓶颈到技术工人短缺，执行风险急剧上升。亚马逊等巨头以惊人高价抢地，直接挤压住宅开发，甚至斥资7亿美元购入原定建房的地块。这场资源竞赛不仅推高了运营成本，更可能拖累AI投资的回报预期，使市场对技术驱动增长的乐观假设面临现实挑战。
美国“闪击”委内瑞拉,佚名,1970-01-01,无摘要
机构“最超配”闪迪，“最低配”英伟达,,2026-02-19,无摘要
领土问题首上谈判桌 俄乌博弈进入“深水区”,李佳,2026-02-19,俄美乌三方近日在日内瓦举行新一轮谈判，首次将领土问题纳入议程。各方均称会谈“取得进展”，同意继续谈判。欧洲国家以“场边参与”形式介入。专家认为，谈判进入“深水区”，博弈仍在继续，本次终于谈及了俄乌双方最敏感的领土问题、安全保障问题和政治问题。
“抗AI”龙头！苹果“脱钩”纳指,,2026-02-19,无摘要
2月19日会员早报：新晋“AI霸主“为数据中心需求背书 美联储内部继续保持巨大分歧,乐鸣,2026-02-19,特斯拉Cybercab下线。
华尔街见闻早餐FM-Radio | 2026年2月19日,朱希,2026-02-19,五分钟看懂全球市场，尽在财经早餐。
投行重磅展望2026！,佚名,1970-01-01,无摘要
“抛售美国”论暂不成立：去年海外投资者净买1.55万亿美元美长期金融资产,张茜,2026-02-19,2025年海外投资者净买入1.55万亿美元的美国长期金融资产，高于前一年的1.18万亿美元净买入。12月外国投资者持有的美债减少884亿美元，降至9.27万亿美元，为10月以来的最低；其中，日本持仓减少172亿美元至1.19万亿美元；英国持仓减少230亿美元至8660亿美元；中国大陆持仓减少4亿美元。
科技股力撑美股两连阳，美联储自曝通胀担忧，道指盘中闪跌，美伊风险助原油大反弹,李丹,2026-02-19,英伟达涨1.6%，亚马逊涨近2%；芯片指数收涨近1%，美光涨超5%。原油收涨超4%、创近四个月最大涨幅。美联储会议纪要后，美债收益率加速上行；美元指数创逾一周新高，日元跌幅扩大至1%，比特币跌破6.6万美元、较日高跌近4%。金银反弹，盘中黄金涨近3%、白银涨6.5%，美联储纪要后收窄涨幅，黄金失守5000美元。
纽约联储研究指关税重压美企与消费者，哈塞特抨击：尴尬，相关人员应受处分,张茜,2026-02-19,纽约联储上周发布的研究发现，2025年关税带来的经济负担中，近90%由美国企业和消费者承担。美国国家经济委员会主任哈塞特周三表示，这项研究“令人尴尬”，相关人员应当“受到处分”。
美油大涨5%！美以或对伊朗联合袭击，白宫称谈判取得进展、但关键议题相距甚远,张茜,2026-02-19,周三，报道称，美以或将对伊朗发动联合袭击。白宫表示，美伊谈判取得进展，但在关键议题上相距甚远。美官员称美军应在3月中旬前完成中东军事部署。以官员称，美对伊发动军事打击的“时间表正在缩短”。伊朗方面预计将在未来几周内提交更具体方案，特朗普将继续评估谈判进展。WTI原油盘中涨幅一度达5%，报65.38美元/桶。
美联储会议纪要暴巨大分歧：一些官员支持进一步降息，一些暗示加息可能,李丹,2026-02-19,一些（Several）与会者支持利率指引中用“双向”表述，反映若通胀持续高于2%，可能适合加息；另一些人认为，若通胀如预期下降可能适合进一步降息；大多数人警告，通胀下行进程可能比预期更慢、更不均衡；绝大多数认为，近几个月就业下行风险缓和，但通胀更持久的风险仍存在；一些人讨论股市估值高、市值集中少数公司等AI相关的脆弱性，一些人强调私人信贷领域的脆弱性。
谷歌抢在苹果iPhone 17e之前发布Pixel 10a，升级有限，仍卖499美元,和钊宇,2026-02-19,谷歌发布入门级智能手机Pixel 10a，售价维持499美元，通过新增AI拍照功能、卫星紧急通信以及跨平台文件传输等软件升级提升吸引力，但整体硬件改动较小，包括沿用上一代芯片和主摄、取消磁吸无线充电等。该机在苹果预计推出的iPhone 17e之前上市，分析称谷歌希望以更低价格争夺入门市场。
年终特辑：盘点2025年资本市场那些事儿！,佚名,1970-01-01,无摘要
李飞飞AI初创公司World Labs获10亿美元融资，英伟达和AMD等参投,和钊宇,2026-02-19,人工智能先驱李飞飞创立的World Labs完成10亿美元新一轮融资，Autodesk领投2亿美元，Andreessen Horowitz、英伟达和AMD等参与。媒体此前报道称，该公司曾以约50亿美元估值进行融资谈判，但本轮未披露具体估值。
美国12月核心资本品订单超预期，1月工业产值创近一年最大增幅,张茜,2026-02-18,美国衡量设备投资情况的“核心资本品订单”（不包括商用飞机和军用设备）12月增长0.6%，预期0.3%。所有耐用品订单下降1.4%，主要反映飞机订单的减少，也好于预期。订单增长范围较广，再次领先的是与人工智能建设密切相关的类别。美国工业产值1月录得近一年来最大增幅，受到公用事业和制造业产出增长的推动。
工业金属上涨受惠AI产业链，AI颠覆论拖累美股表现，日本夏季财政事件成焦点---0218宏观脱水,苏健城,2026-02-18,自2023年8月以来，贵金属与工业金属价格大幅上涨。本轮周期的驱动因素有所不同，金价上涨并非源于宽松...
当“飞机发动机”成为“数据中心供电”标的,高智谋,2026-02-18,随着AI数据中心对电力需求的指数级增长，传统电网扩容的滞后已成为行业公敌。这一背景下，FTAI Aviation、ProEnergy等公司正加速将航空动力资产“降维”引入电力市场。
AI会带来通缩，降息将超预期？,,2026-02-18,无摘要
Alpha峰会｜2026投资前瞻：AI、周期与全球变量,佚名,1970-01-01,无摘要
贝森特和沃什的“导师”，德鲁肯米勒Q4“精准”开仓金融股ETF、标普等权重ETF和巴西ETF,高智谋,2026-02-18,科技股方面，德鲁肯米勒Q4清仓了Meta，加仓了谷歌与Sea。德鲁肯米勒与贝森特、沃什的“师徒”关系让市场推测，“德鲁肯米勒经济学”——即反赤字、反通胀、反关税——可能通过贝森特和沃什渗透至政策制定中。
华尔街大佬Tepper押注存储：美光持仓激增200%，新买韩国ETF,朱雪莹,2026-02-18,对冲基金大佬Tepper去年四季度精准狙击AI存储芯片赛道，豪掷逾6亿美元重仓美光科技和韩国芯片ETF，今年已斩获约30%回报。全球内存短缺叠加AI算力狂潮，其芯片押注与软件股暴跌形成冰火两重天。
拉加德或提前离任：欧央行权力交接进入倒计时,朱雪莹,2026-02-18,此举将影响欧元区货币政策的连续性，并为欧洲央行的权力交接留出缓冲时间。但欧洲央行回应称，拉加德完全专注于自己的使命，尚未就任期结束做出任何决定。
巴菲特“收山之作”：Q4再抛苹果美银，猛砍亚马逊，首次新进纽约时报,李丹,2026-02-18,伯克希尔连续三季抛苹果，Q4苹果持仓市值减少28亿美元，仍是头号重仓股；美银持股一年半来减少50%，仍是第三大重仓股；亚马逊持股环比减少230万股、降幅77%；新进纽约时报超过506万股，市值3.52亿美元；增持雪佛龙12.3亿美元、安达保险持股数增逾9%。纽约时报盘后一度涨超10%。
程序员会“消失”，因为人人都会是程序员,,2026-02-18,无摘要
当“智能马桶”成为“AI存储”标的,高智谋,2026-02-18,凭借在精密陶瓷领域的技术壁垒，TOTO已卡位AI算力背后的关键一环——NAND存储芯片制造，且该业务已贡献了公司40%的营业利润。
1万亿美元蒸发背后：垂直软件的护城河，正在被大模型重写,高智谋,2026-02-18,LLM正在系统性地拆除垂直软件过去赖以生存的护城河，以前靠“软件难用”和“流程复杂”赚取高昂溢价的日子结束了，市场正在经历一场残酷的价值重估。
唤醒40万亿存量市场：商业不动产REITs如何成为重资产行业的“点金石”？,高猷嘉,2026-02-18,2026年初，商业不动产REITs试点正式落地并迅速进入实操阶段。这不仅标志着中国REITs市场从“基础设施”向“全品类”时代的迈进，更是在房地产行业深度调整期，为存量资产盘活、房企资产负债表修复以及资本市场资产配置提供了关键破局点。
一线厂商：存储短缺甚至可能到2030年,,2026-02-18,无摘要
一线厂商CEO：下半年会看到消费电子“倒闭”,,2026-02-18,无摘要
摩根大通交易台：“先卖再问”的美股AI抛售潮即将结束，抄底软件股的时候到了,高智谋,2026-02-18,该团队正通过逆向布局被错杀的软件股、对“AI干扰免疫”的资产来把握即将到来的反弹机会。
磷化铟：AI算力升级，光芯片时代的关键材料,安海,2026-02-18,从Coherent 财报突破看AI新时代算力升级瓶颈如何破局。
公开和沃什“唱反调”？多位美联储高官称：AI提升生产力或意味着“更高的中性利率”,朱雪莹,2026-02-18,美联储年内降息空间或进一步收窄，目前期货市场已将首次降息预期推迟至年中之后。
人形机器人狂奔2026：谁为盛宴买单？,黄昱,2026-02-18,一场从实验室走向“预算表”的战略迁移。
段永平试水“AI交易”：卖苹果加仓英伟达，“新入”CoreWeave、Credo和Tempus,高智谋,2026-02-18,CoreWeave专门搭建高性能GPU集群，把算力租给AI公司和企业客户；如果说GPU是心脏，Credo提供的高速互联芯片和光模块就是血管，跟AI服务器迭代高度绑定；Tempus则致力于将AI应用于精准医疗，尤其是肿瘤领域。
特斯拉首辆Cybercab下线：没有方向盘和踏板的汽车终于来了,朱雪莹,2026-02-18,这款车型专为特斯拉正在起步的自动驾驶出租车业务打造。不同于目前该公司使用的2025款Model Y车型，Cybercab从设计之初就面向完全自动驾驶场景，不配备任何人工驾驶控制装置。
机构调研称：英伟达Vera Rubin提前3-6个月上市,,2026-02-18,无摘要
美伊第二轮谈判结束，谈判桌上有进展，谈判桌下“秀肌肉”,高智谋,2026-02-18,本次谈判中，双方讨论了核问题和解除制裁问题，谈判已取得一定积极进展。美国副总统万斯称，美伊谈判“在某些方面进展顺利”，但伊朗方面尚未愿意承认特朗普提出的部分“红线”。
谁来拯救“软件股”？,,2026-02-18,无摘要
美股的“危险信号”,,2026-02-18,无摘要
为平息AI冲击担忧，私营软件公司提前披露财报数据,鲍奕龙,2026-02-18,McAfee公布第四季度营收6.26亿美元，利用AI技术检测诈骗维持业绩稳定；Rocket Software营收增长5.2%至14亿美元。提前披露确实起到稳定债务价格的效果，McAfee约20亿美元的2030年到期无担保债券在2月9日升至85美分，高于前一周的79.5美分。
西部数据抛售30亿美元的闪迪股票，盘后闪迪股价下挫2%,鲍奕龙,2026-02-18,根据声明，西部数据预计将把这批闪迪股份与摩根大通证券和美银证券关联方持有的西部数据债务进行置换。交易完成后，这些关联方将作为售股股东，通过承销商在二级市场出售股份。公告发布后，闪迪股价延续周二颓势，盘后下挫超2%。
踏雪游学长白山！与付鹏等金融大咖研讨2026资产配置风向,华尔街见闻,2026-02-18,华尔街见闻「见面·旷野行」邀您踏雪游学长白山：滑雪赏景+户外拓展+圈层社交
2月18日会员早报：苹果正加速研发新AI硬件 德国人口将加速萎缩,乐鸣,2026-02-18,巴菲特公布持仓。
华尔街见闻早餐FM-Radio | 2026年2月18日,朱希,2026-02-18,五分钟看懂全球市场，尽在财经早餐。
面对中期选举“必死无疑” 特朗普要“放水一博”,乐鸣,2026-02-18,三大水龙齐开，最后哪管它洪水滔天。
AI担忧仍存，美股走V微涨，软件股再遭抛售，金银油下挫，期银跌近6%,鲍奕龙,2026-02-18,软件股ETF下挫2.2%。苹果涨超3%。甲骨文跌超3.8%。2年期美债收益率上行超3基点、盘中一度跌至2022年7月以来最低。英镑一度跳水约1%，英国失业率五年新高，英央行降息概率上升。黄金盘中下挫2.2%、失守4900美元关口。白银期货跌超5.7%。伊美就谈判“指导原则”达成一致，原油一度跌近3%。
加拿大宣布新国防工业战略，注重国内制造以重获战备能力,鲍奕龙,2026-02-18,该战略为加拿大未来十年设定了一系列重要目标，其中包括将70%的联邦国防合同授予加拿大企业，基本实现在国内采购和维护大部分军事装备的目标。
Meta加码英伟达：未来数年部署数百万颗芯片，首次采用Grace CPU,张茜,2026-02-18,根据周二发布的声明，Meta承诺将使用更多来自英伟达的AI处理器和网络设备。同时，Meta还将首次在其独立计算机的核心部件采用英伟达的Grace CPU。此次部署将涵盖基于英伟达当前Blackwell架构，以及即将推出的Vera Rubin设计的AI加速器产品。
高瓴四季度持仓曝光：加仓拼多多、阿里，减持百度与Webull，组合集中度再升,和钊宇,2026-02-18,13F报告显示，高瓴旗下HHLR Advisors四季度继续加仓拼多多和阿里巴巴，核心仓位进一步集中，其中拼多多仍为第一大重仓股、阿里巴巴位列第二。同时，该机构明显减持富途控股与Webull，并退出百度、网易、满帮、Bright Scholar等持仓，同时小幅布局比特币ETF和台积电等新方向。
特朗普官宣5500亿美元“日本投资美国基金”启动，首批聚焦油气、发电、关键矿产,李丹,2026-02-18,特朗普称关税促成大规模投资，三个“大项目”涉及得州油气战略、俄亥俄州发电和佐治亚州关键矿产领域；燃气发电厂将是“史上最大”，墨西哥湾的LNG设施将推动出口并巩固美国的能源主导低地位，关键矿产设施将结束美国对外依赖。
Anthropic又“踢馆”！Sonnet 4.6操作电脑接近人类，性能堪比旗舰模型、定价仅1/5,李丹,2026-02-18,Anthropic不到两周又发布重磅模型。Sonnet 4.6定价与前代4.5相同，仍为每百万token输入3美元、输出15美元；操作电脑能力16个月提升五倍，基准测试得分72.5%，基本持平最新旗舰Opus 4.6，办公任务和模拟财务分析的测试中，得分还均超过新旗舰；早期测试中，开发者在近六成的情况下更偏好该模型，而非前代旗舰Opus 4.5。
三款全新可穿戴设备！苹果加速研发AI眼镜、挂饰及摄像头版AirPods,张茜,2026-02-18,作为向人工智能驱动硬件转型的一部分，苹果公司正加速开发三款新型可穿戴设备，包括智能眼镜、一款挂饰设备以及具备扩展AI功能的AirPods。这些设备将围绕Siri数字助理构建，并依靠具备不同功能的摄像头系统，根据视觉语境执行操作。苹果的目标是发布这些将与iPhone联动的设备。其中，智能眼镜计划最早于2027年发布，而AirPods和挂饰设备可能更早推出。
伊朗外长称就伊美谈判“指导原则”达成一致，布油一度跌近3%,李丹,2026-02-18,伊朗外长阿拉格齐称，双方能够就一套指导原则达成总体共识，并据此继续推进潜在协议的文本，重申伊朗既不寻求制造也不积累核武器；警告达成协议并非指日可待，进入文本起草阶段后工作将更困难，称第三轮谈判具体时间尚未确定。阿曼外相称美伊谈判取得了“切实进展”。伊朗最高领袖哈梅内伊稍早警告，若美动武打击伊朗，将遭重创，伊武器与和平核事业与美无关。
摩尔线程快速完成对Qwen3.5模型全面适配,和钊宇,2026-02-18,摩尔线程宣布已在旗舰级AI训推一体全功能GPU MTT S5000上完成对阿里最新大模型Qwen3.5的全方位适配。此次支持充分展示了摩尔线程MUSA生态的成熟度与完备性，开发者可通过MUSA C编程语言及Triton-MUSA工具链高效完成模型部署与优化。
日本消费税削减短期难现，减税移民政策推高美赤字，美伊局势令油价短期上行---0217宏观脱水,苏健城,2026-02-17,日本政府将宣布日央行新董事会提名人选，6月将出台“2026年经济财政运营与改革基本方针”。食品消费税...
一线厂商CEO：存储太短缺，我们现在痛苦，年底更痛苦,,2026-02-17,无摘要
这轮存储超级周期，一辈子就一次,,2026-02-17,无摘要
一线厂商CEO：这一轮存储超级周期，一辈子只有一次，前无古人后无来者,董静,2026-02-17,群联电子CEO潘健成警告，英伟达等巨头的需求正吞噬全球产能，导致上游原厂态度极为强势，甚至出现要求“预付3年全额货款”的极端条款。受此挤压，消费电子行业面临元器件成本暴涨与断供风险，下半年或迎倒闭潮。由于扩产受限于设备短缺及原厂策略，且AI需求尚未完全释放，这轮“前无古人”的缺货周期或将持续至2027年甚至2030年。
股价还能再涨55%！英国对冲基金押注：全球最大马桶制造商TOTO将是AI芯片隐形赢家,许超,2026-02-17,"马桶巨头变身AI概念股！激进投资者Palliser盯上日本TOTO，称其为""最被低估的AI受益者""。这家卫浴制造商凭陶瓷技术掌握半导体核心设备静电卡盘，贡献40%运营利润，股价一年已涨超60%。Palliser测算仍有55%上涨空间。"
计算机行业全拆解：AI、数据要素、信创谁能成为下一轮核心资产？【王紫敬大师课7.4】,王紫敬,2026-02-17,从技术演进到产业落地，本节建立计算机行业赛道分类逻辑与投资选择底层框架。
春晚机器人，急着“争”什么？,许超,2026-02-17,很多登上春晚舞台的科技公司，年龄都不到春晚的八分之一。它们有实力雄厚的创始团队，也有初步成型面向市场的产品。但是，大部分年轻的科技公司产品，都还没有走出“科技圈”，未走向真正的大众市场。作为一场国民级的年夜饭，太多科技公司希望能通过它来破圈，走向真正的国民级应用。而所有登台的公司，也使出全力，来迎接春晚这场国民级大考。
突破10亿元，春节档票房爆了！《飞驰人生3》4.8亿元独占鳌头，AI预测总票房超43亿！,许超,2026-02-17,韩寒导演、沈腾主演的《飞驰人生3》票房已超4.8亿元，AI票房预测达43.67亿元；张艺谋导演的《惊蛰无声》和动画片《熊出没·年年有熊》以1.8亿元和近1.4亿元的票房排名第二、第三，AI预测票房分别为21亿元和13.6亿元。袁和平导演、吴京主演的《镖人：风起大漠》票房突破1亿元排名第四，AI预测票房为8.4亿元。
从秧BOT到武BOT，只差了一年，不可思议,,2026-02-17,无摘要
付鹏交易方法论：为什么大类资产交易的波动率如此重要？【付鹏说17】,张潜,2026-02-17,高度关注资产波动率！其与投资策略、风险回报密切相关，低波动率隐含更高确定性（需关注杠杆）、高波动率对应高不确定性（需关注流动性），投资者应结合自身风险偏好，合理制定投资决策并规避相关风险
必和必拓利润飙升30%，铜业务首次超越铁矿石成最大利润来源,许超,2026-02-17,全球市值最大的矿业公司必和必拓（BHP）因押注铜需求激增而获得回报，上半财年净利润同比增长近30%。铜业务贡献了公司51%的基础息税折旧摊销前利润，首次超越其他业务成为最大利润来源。能源和汽车行业的强劲需求持续推高铜价，令这一转型的战略价值得到验证。
宇树科技春晚节目技术难点解析,许超,2026-02-17,算法层面，团队升级强化学习框架，使机器人在仿真环境中自主习得复杂武术动作及器械操控技能；同时采用融合感知的定位技术，有效解决高速运动中的定位漂移问题，实现精准导航与落点控制。硬件层面，团队针对性提升核心关节电机功率密度，优化肢体结构强度，并升级灵巧手与缓冲部件，以支撑高爆发、高冲击的动态动作。系统层面，团队全新开发集群自动控制系统，实现从动作编排、队形设计到多机实时协同调度的全流程自动化，确保数十台机器人在复杂队形变换与高难度动作中的毫秒级同步。
伊朗谈判新策略曝光：与美联合开发油气田、矿区，采购美飞机，“让美国能快速获得高额经济回报”！,许超,2026-02-17,据新华社报道，伊朗方面准备抛出新的谈判手段，将重点从关于铀丰度的“数学问题”转向实打实的资源置换：伊朗的油气田可以联合开发，未开采的矿山向美国资本敞开大门。甚至在此前被视为禁区的航空领域，伊朗也表示，愿意采购美国的民用飞机。伊朗副外长表示，伊朗准备在核计划上做出妥协，以换取制裁的解除。
揭秘跟沈腾搭戏的“铁哥们儿”：五分钟挑战了五个机器人绝活儿,董静,2026-02-17,与以往只按程序跳舞的机器人不同，“小盖”是春晚历史上首个“干活儿”机器人，盘核桃、捡玻璃碎片、叠衣服、串烤肠，都一气呵成，这五个看似平常的动作，其实对于机器人来说是十分高难度的动作。更重要的是，与传统机器人表演依赖预编程不同，此次展示干活技能的实现是端到端自主感知、自主决策、自主执行，而且还特别拟人。
“做多能源+做空可选消费” --当下火遍华尔街的“配对交易组合”,董静,2026-02-17,科技股主导地位动摇，能源股因油价反弹和AI发展的巨大能耗需求而表现强劲；分析表示，做空可选消费是因为零售数据疲软、企业盈利预期差引发对消费者健康状况的担忧，且相比直接做空具有颠覆能力的科技股，做空该板块风险更可控。
“大空头”预言又一次“DeepSeek冲击”,,2026-02-17,无摘要
宇树机器人春晚武术表演再炸场，王兴兴：高动态高协同集群控制技术全球首秀,许超,2026-02-17,宇树科技创始人王兴兴表示，今年机器人的头部激光雷达、灵巧手等硬件和软件做了很多升级，机器人在快速奔跑中完成了穿插变阵和武术动作，这种高动态、高协同的集群控制技术是全球首次亮相。“这个动作非常实用，为后续机器人在其他场景集群或单台机器人调度做好了铺垫”。未来希望在AI能力的提升情况下，让人形机器人更多地去从事一些危险性或者体力劳动，去真正提高生产力，提高大家的生活水平。
十年来最看空美元！机构蜂拥对冲美元头寸,董静,2026-02-17,美元今年已跌1.3%，徘徊在四年低点。美银最新调查显示，基金经理美元头寸降至2012年以来最负面水平。特朗普激进政策、施压美联储及汇率干预担忧，促使摩根大通、先锋等机构投资者大举做空或对冲美元头寸。
谁在春晚开始前打广告,许超,2026-02-17,打头阵的广告位依旧酒品占大头，智能生活类广告更是穿插在整个春晚中；新能源车的热度确实相对下降了，AI广告根本就是行业格局的公示，机器人扎堆则是“时代的轰鸣”；文创、盲盒、IP联名，这些词不再是亚文化，而是主流，情绪消费，已经和物质消费平起平坐。
华尔街见闻早餐FM-Radio | 2026年2月17日,李丹,2026-02-17,五分钟看懂全球市场，尽在财经早餐。
美股休市，科技股拖累欧股反弹，黄金失去“中国动力”失守5000美元，人民币涨破6.89,李丹,2026-02-17,泛欧股指止住两连跌，英股两连涨创收盘新高，银行板块涨超1%，而科技板块跌逾1%。日本GDP逊色，日元止步五连涨。离岸人民币盘中涨200点、近三年来首次涨破6.89。比特币冲高回落，盘中重新站上7万美元后一度跌近4%。盘中黄金跌超1%，期银跌超4%；伦锡收跌超2%，伦铝三连跌，伦铜回落至逾两周新低；原油盘中转涨超1%。
高盛：对冲基金正以十年来最快的速度抄底亚洲市场,张茜,2026-02-17,根据高盛的一份报告，对冲基金上周转为全球股票的净买方，这是三周以来首次，资金流入所有主要市场，但亚洲表现最为突出。报告指出，随着投资者从动量交易中轮动出来，同时对美元走弱作出反应，新兴市场持续跑赢。
报道：AI军事用途存分歧，美国国防部接近与Anthropic切断关系,张茜,2026-02-17,报道称，双方关系破裂源于数月来围绕美国军方如何使用Claude工具的激烈谈判。Anthropic特别希望确保其人工智能不会被用于大规模监控公民，或用于开发无需人类参与即可部署的武器。美国政府方面则希望能够将Claude用于“所有合法用途”。
所有卖出AI的人，都会后悔,,2026-02-16,无摘要
对话松延动力创始人姜哲源：从亮相春晚到「要规模」,郑敏芳,2026-02-16,2026年机器人大战
“有组织控制了全球三分之一的超级油轮”,李佳,2026-02-16,韩国Sinokor集团已控制约120艘超大型油轮，占可用船队近三分之一，规模前所未见。背后浮现地中海航运创始人Gianluigi Aponte身影。这场收购引发市场恐慌，运费创30多年来最强开局。油轮订单随之增至十年新高。
AI圈内人士：巨大变革正在发生，人们还懵懂不知,,2026-02-16,无摘要
欧洲加速一体化进程，英经济暂显疲弱通胀预期下行，挪威1月通胀超预期---0216宏观脱水,苏健城,2026-02-16,欧洲召开会议讨论如何应对竞争力不足及加速一体化进程，会议结果朝“双速欧洲”迈进，即允许部分国家先行加...
阿里发布千问3.5，性能媲美Gemini 3， Token价格仅为其1/18,李佳,2026-02-16,阿里巴巴开源新一代大模型千问Qwen3.5-Plus，性能媲美Gemini 3 Pro，登顶全球最强开源模型。其核心突破在于混合注意力机制、极致稀疏MoE架构、原生多Token预测及系统稳定性优化，实现用更少算力唤醒更强智能。模型具备视觉智能体能力，可理解屏幕并自主执行跨应用操作，甚至能将草图转化为代码。API价格低至每百万Token 0.8元，仅为Gemini的1/18。
木头姐：这轮市场波动是算法导致，而非基本面,龙玥,2026-02-16,木头姐凯茜·伍德称，近期市场急涨急跌“多由算法交易制造”，程序化减仓与技术面交易容易形成连锁踩踏，导致“先卖再问”的非理性波动，而卖出的人很可能要后悔。她强调AI是毕生最大机遇，当前市场处于类似1996年的早期阶段，科技巨头激进的资本开支是必要的。伍德认为，AI带来的生产力爆发或推动通胀下行。
人类现在才是AI的瓶颈,,2026-02-16,无摘要
大摩：AI是资本开支黑洞，风险向信用市场蔓延,李佳,2026-02-16,"摩根士丹利指出，AI正从市场热点转变为信用市场结构性压力源。科技巨头""烧钱""竞赛推动2026年资本支出预期上调至7400亿美元，投资级债券发行料创2.25万亿美元新高。与此同时，软件板块遭抛售，压力向杠杆贷款等信用领域传导。大摩警告，违约率虽处低位，但价格下跌或将扩大加深。"
AI热潮助力港股蛇年收官战告捷，MiniMax暴涨25%、智谱涨4.74%齐创新高，有色板块拉升,李佳,2026-02-16,港股市场低开高走，恒生指数收涨0.52%，恒生科技指数收涨0.13%。MINIMAX-WP表现强势，收涨24.56%，领跑一众AI应用概念股，智谱涨4.74%。随着市场对中国人工智能企业的乐观情绪高涨，港股“AI双雄“股价均创新高。有色金属板块集体拉升，洛阳钼业涨超6%。
重回增长但仍疲软，日本25年四季度GDP年化季率0.2%不及预期，扩张财政政策获支撑,李佳,2026-02-16,日本去年四季度实际GDP年化环比仅增0.2%，远低于预期1.6%，消费投资双双低迷。数据为高市早苗推行扩张性财政政策提供支撑。经济重返增长虽为央行年内加息留出空间，但复苏力度温和令近期行动预期降温。
美银Hartnett：“AI颠覆交易”加速扩散，一旦有科技巨头削减开支，将引发美股“轮动海啸”,龙玥,2026-02-16,美银Hartnett最新报告警示，2026年AI超大规模企业资本支出预计将达7400亿美元，导致自由现金流枯竭。一旦有巨头宣布削减开支，将成为引发美股从科技股向小盘股、新兴市场“大轮动”的关键信号。而从保险到物流，AI对服务业的颠覆正像野火般蔓延。此外，日元与日股相关性20年来首次转正，预示长牛。
存储巨头四季报“五大关键点”：当前周期强度超越2017-18“云繁荣周期”,龙玥,2026-02-16,美银美林指出，SK海力士库存周转天数降至127天的低位，成品库存仅剩2-3周。三星DRAM售价环比大涨40%，现货价格创25年新高。行业高管认为，本轮周期强度已超越2017-18年的云繁荣期，若短缺持续至2027年，价格仍有上涨空间。
存储芯片，走向失控,龙玥,2026-02-16,HBM产能遭疯抢致使DRAM极度短缺。马斯克与库克接连示警，芯片价格呈抛物线式飙升，下游电子巨头利润承压，显卡与主机发布被迫推迟。一场深度重塑供应链的“电子风暴”已至，低端产品面临退市，消费者将不得不为高昂成本买单。
AI圈内人士：巨大变革正在发生，人们还懵懂不知,李佳,2026-02-16,一位AI领域资深人士以亲身经历发出警示：当前AI已具备自主构建下一代系统的能力，迭代速度远超公众认知，过去需数周的工作现仅需数分钟。他预测未来一至五年内白领工作将遭颠覆性冲击，而适应窗口正急剧收窄。人们应立即行动，将AI嵌入日常工作流解决实际问题，并锚定批判性思维等AI难以复制的能力。
新春伊始，如何看待人民币升值？,龙玥,2026-02-16,人民币升破6.9创33个月新高。玉渊谭天认为，这并非单纯的美元走弱，关键转折在于中国对美关税的硬核反制彻底扭转了全球预期。外资风向已变，正从“观望”转向“抢筹”。随着人民币加速从交易结算迈向资产配置与融资，这场升值背后，是中国经济韧性与货币地位的双重跃升。
避险模式！大摩：市场开始买美债了,龙玥,2026-02-16,投资者对AI“过度投资”及其负面外部性的担忧加剧，导致SaaS及私募信贷相关股票承压。与此同时，美国年收入10万美元以上的富裕阶层消费者信心显著恶化，警示经济下行风险。叠加1月CPI数据意外疲软，资金正从风险资产撤出并涌入美债市场，推动今年以来收益率走低。
美股财报电话会现状：“AI风险”讨论翻倍，公司必须“自证清白”，投资者“先卖再问”,龙玥,2026-02-16,最新财报季显示，美股市场正经历一场由“AI恐慌”主导的估值重构。尽管企业盈利普遍超预期，但财报电话会中关于“AI颠覆”的讨论翻倍，导致市场普遍“先开枪再问问题”。UBS编制的AI风险股篮子一年内暴跌近50%，做空机构大举加仓。市场逻辑已转变为“有罪推定”，企业必须自证其能成为AI赢家。
OpenClaw创始人加入OpenAI，目标“开发一款连我妈妈都能用的AI助手”,龙玥,2026-02-16,“AI圈当红炸子鸡”OpenClaw创始人Peter Steinberger最终拒绝Meta，选择加入OpenAI。入职目标直指AI落地的核心痛点——从极客工具转向大众消费品，誓要打造“连母亲都能用的AI助手”。Altman直言，Steinberger“是个天才”。
印度贡献1亿“周活跃用户”，占OpenAI活跃用户数1/8，仅次于美国,李佳,2026-02-16,OpenAI首席执行官奥特曼透露，印度已成为其关键战略市场，拥有1亿ChatGPT周活跃用户，占全球总数约八分之一，规模仅次于美国。面对印度价格敏感的市场特性，OpenAI通过设立办事处、推出低价套餐加速本土化布局。学生群体是增长核心驱动力，各大科技巨头正竞相争夺教育场景。但如何将庞大流量转化为持续经济价值，仍是其在印面临的长期挑战。
达利欧万字长文：旧秩序已死，世界重回“丛林法则”，贸易战和资本战将成常态,叶慧雯,2026-02-16,达利欧宣告世界进入“大周期”第六阶段：1945年后的世界秩序已瓦解，强权即公理，大国冲突将回归原始权力博弈，贸易战、技术战、资本战将常态化并可能升级为军事冲突。慕尼黑安全会议共识印证这一判断：旧秩序已不复存在，欧洲安全架构失效。达利欧警告经济工具将被武器化，传统避险逻辑可能失效，黄金成为最可靠的财富贮藏手段。
开启AI大时代的一封邮件--马斯克发给黄仁勋,,2026-02-16,无摘要
美媒：若美伊谈判失败　特朗普支持以色列空袭伊朗弹道导弹设施,潘凌飞,2026-02-16,特朗普再放狠话！美媒曝其密会内塔尼亚胡时承诺，若美伊谈判破裂，将力挺以色列空袭伊朗导弹设施。美军方高层正研讨空中加油等协助方案，而鲁比奥仍寄望外交解决。美伊核谈判前夕，中东火药桶再现惊雷，地缘风险陡升。
对待马斯克的预测，中国人比西方更认真,,2026-02-16,无摘要
行业首例！国投白银LOF估值调整补偿方案出炉：1000元以下损失全额补偿,潘凌飞,2026-02-16,针对因国投白银LOF估值调整受损的自然人投资者，开启分层“回血”模式：受损千元以下全额补偿，超九成赎回者受益。史诗级行情下的争议处理，这次能否挽回投资者的心？
华尔街见闻早餐FM-Radio | 2026年2月16日,李丹,2026-02-16,五分钟看懂全球市场，尽在财经早餐。
美1月CPI强化降息预期，日元未来或维持区间震荡---W59海外宏观脱水,苏健城,2026-02-15,美国1月CPI环比增长0.2%，低于预期，同比增速放缓至2.4%，市场对美联储降息的预期随之上升。核...
华尔街重回“镀金时代”：六大行掌门人年薪均超4000万，刷新08年危机后上限,杨宸,2026-02-15,银行业盈利上行支撑了这波“涨薪潮”，CEO的高薪更像是带有治理目的的激励工具，大部分以股票形式支付。目前市场关注AI带来的企业开支上升，未来“高薪”可能与“成本控制”一道，成为未来财报季和薪酬表决的双重观察点。
日股狂欢难掩债汇风波，“高市交易”究竟是机会还是陷阱？,叶慧雯,2026-02-15,日本股市在“高市交易”推动下创历史新高（日经225本周涨5%），但债市与汇市平静背后暗藏 “高市陷阱”：若高市早苗大幅支出以兑现承诺，可能削弱日元、加剧通胀，最终反噬股市。尽管她承诺减税不涉及新债，但分析师质疑兑现能力。
斯坦福专家：美国正跨入“AI收获期”，2025年生产率增速有望翻倍至2.7%,杨宸,2026-02-15,AI生产力“起飞”的证据终于被宏观数据捕捉到了！斯坦福学者发文指出，美国2025年生产率增速有望翻倍至2.7%，美国正在从“AI投入期”跨入“AI收获期”。目前企业初级招聘正在下降，熟练使用AI的“强力用户”大幅缩短工期，企业正从AI试验迈向应用阶段。
Stratechery创始人深度访谈：预警2029年大规模“芯片荒”，SaaS模式将终结，广告才是AI终极商业闭环,叶慧雯,2026-02-15,Ben Thompson警告，台积电保守扩产或致2029年全球芯片短缺，巨头需分担建厂风险。在对巨头点评中，他认为Meta执行力最佳；谷歌混乱但有韧性；亚马逊自研芯片策略面临风险。展望未来，他指出在数字世界高度发达后，“现场”体验或将成为最稀缺的价值所在。
OpenAI高管：AI将开启新一轮创业狂潮,,2026-02-15,无摘要
“新美联储通讯社”：美国经济逼近“软着陆”时刻，但宣布胜利为时尚早,杨宸,2026-02-15,“新美联储通讯社”Nick Timiraos称美国经济软着陆前所未有地接近，通胀降温、就业强劲，但2%通胀目标仍存变数。关税传导、消费韧性及AI对就业的冲击，正成为决定“最后一公里”能否平稳落地的关键变量。市场关注美联储主席继任者沃什将继续巩固成果还是积极降息。
OpenAI高管：工程师变成“魔法师”，AI将开启新一轮创业狂潮,杨宸,2026-02-15,OpenAI内部曝光：95%工程师已用AI编程，代码审查全由Codex接管！负责人Sherwin Wu预言，未来两年模型将具备数小时长任务处理能力，工程师正变为指挥智能体的“巫师”。随着模型吞噬中间层，为“超级个体”服务的B2B SaaS将迎来黄金时代。
《求是》杂志发表习近平总书记重要文章《当前经济工作的重点任务》,叶慧雯,2026-02-15,文章强调，2026年要坚持内需主导，统筹促消费和扩投资，深入实施提振消费专项行动，制定实施城乡居民增收计划，扩大优质商品和服务供给，清理消费领域不合理限制措施，释放文旅等服务消费潜力。推动投资止跌回稳，适当增加中央预算内投资规模，优化实施“两重”项目，优化地方政府专项债券用途管理，继续发挥新型政策性金融工具作用，有效激发民间投资活力。
上一次“软件要亡”论发生在10年前，后续如何了？,叶慧雯,2026-02-15,巴克莱指出，当前对AI的恐慌与10年前AWS崛起时如出一辙，但历史证明没有软件巨头因此破产，微软等反而实现数倍增长。如今软件板块估值大幅压缩，无差别抛售创造了巨大的错配机会，拥有护城河的公司被错误定价。
“SaaS已死，SaaS到来”！Altman预言“全AI企业”时代开启,叶慧雯,2026-02-15,OpenAI CEO奥尔特曼预言 “全AI企业”将开启，AI将从辅助工具进化为完全自主的执行者。OpenAI产品很快将实现100%由AI编写代码，涵盖开发与决策全流程，标志着传统“软件即服务（SaaS）”模式向 “服务即软件（SaaS）” 新范式的根本转变。
盛松成：降准优于降息，货币政策宜采取“小步走”模式,杨宸,2026-02-15,盛松成主张“降准优于降息”，他表示我国财政政策起主导作用，降准直接释放商业银行可用资金，有助于推动政府债券的发行。货币政策传导存在时滞，故宜采取“小步走”模式，判断未来两年处于“渐进式降准降息周期”。央行可能适度实施“买长卖短”操作，从而支持更加积极的财政政策落实，支持实体经济投资。
师从茶咖的袁记云饺，能否得出中餐连锁的终极答案,刘艺晨,2026-02-15,一颗水饺的工业化悖论
财报后，美国四大云厂市值蒸发1万亿美元，市场甚至寻求对冲“大厂风险”,杨宸,2026-02-15,AI投入失控、债务上行、投资回报周期不明，四大云厂商绩后市值蒸发万亿，市场焦点转向“财力撑不撑得住”。高盛预测超大规模云厂商未来三年资本开支将逼近1.4万亿美元，现金流告急引发债务激增，导致CDS交易升温。目前Alphabet的CDS合约规模约有8.95亿美元，Meta约有6.87亿美元。
每千次展示60美元！OpenAI用高价拉开“AI广告”大幕,叶慧雯,2026-02-15,为应对AI巨额开支，OpenAI正式测试广告，CPM60美元起步、最低投入20万美元，定位高端渠道，直接挑战谷歌万亿美元市场，WPP等顶级代理已率先合作。但转型风险并存：需平衡用户信任，承诺不用私聊数据；对手Anthropic以“广告不进Claude”差异化反击。OpenAI正从理想主义实验室向商业巨头艰难转身。
春节周重磅前瞻：美联储最爱通胀指标，DeepSeek V4或发布,龙玥,2026-02-15,“史上最长”春节假期开启，A股及多国市场休市。宏观方面，美联储会议纪要、12月PCE及四季度GDP修正值将指引降息路径，日 本举行首相指名选举。AI领域，首届印度AI峰会召开，黄仁勋等出席；国内DeepSeek V4等旗舰模型或在春节期间发布，引爆科技“春晚”。此外，美最高法院或对特朗普关税案作出裁决，谷歌发布Pixel 10a手机，沃尔玛等巨头披露财报。
泽连斯基：美国老是要乌克兰让步，而不是俄罗斯,叶慧雯,2026-02-15,泽连斯基表示，有时候感觉各方谈论的东西“截然不同”。俄方经常谈到美俄总统去年8月会晤时形成的“安克雷奇精神”，乌方只能猜测俄方的真实意图；美方则经常回到“让步”这一话题，但美方提到的让步往往“只在涉及乌克兰而非俄罗斯的语境下”讨论。
哪怕投资者砸崩股价，2000亿美元也必须“烧下去”，亚马逊要“重整旗鼓”,叶慧雯,2026-02-15,亚马逊计划今年投入2000亿美元（史上最大规模资本支出）重夺AI主动权，主攻AWS数据中心、自研Trainium芯片及Nova模型。但投资者担忧回报过慢，股价较高点跌超20%；目前亚马逊内部焦虑蔓延：AWS抢单落后、自研模型被戏称“亚马逊基础款”、工程师则更爱用竞品Claude。
春节周重磅前瞻：美联储最爱通胀指标，DeepSeek V4或发布,,2026-02-15,无摘要
OpenAI能跨过“债务魔咒”？这是2026年最有悬念的疑问,安海,2026-02-15,OpenAI四处结交盟友，大而不能倒的背后，反而是成为美国版恒大的潜在原因？
"""市场先生""没犯错：沃尔玛畅谈“科技叙事”，拼多多上演“极限挑战”",高猷嘉,2026-02-15,沃尔玛凭科技转型与确定性溢价冲破万亿美元，拼多多因地缘与监管不确定性股价承压，Temu将成估值修复关键。
影响万亿资本的市场叙事争夺：一边是“AI颠覆一切”，一边是“AI回报不够”,叶慧雯,2026-02-15,市场正陷入“AI颠覆一切”与“AI回报不够”的双重叙事博弈：前者引发对软件等“受害者”的恐慌性抛售（估值腰斩），后者则加剧对资本开支回报的严厉审视。资金正加速流向非美市场，韩国KOSPI创五年最佳单周表现，非美基金流入890亿美元远超美股的160亿，显示投资者正从拥挤的美股转向亚洲市场。
王毅就中日关系重申严正立场：日本如果再赌一次，只能败得更快，输得更惨！,杨宸,2026-02-15,王毅出席慕尼黑安全会议时表示，不认同亚太局势日趋紧张，环顾世界，只有亚洲仍然保持着总体和平。但要警惕日本最近出现的危险动向，台海有事就构成日本可以行使集体自卫权的“危机存亡事态” ，这是日本首相战后80年来第一次公开发出这种狂言，直接挑战中国的国家主权。警示日本：如果要走回头路，那是自取灭亡。如果再赌一次，只能败得更快，输得更惨！
王毅最新表态：特朗普总统十分尊重习近平主席，也尊重中国人民，中美关系的前景是光明的,杨宸,2026-02-15,王毅出席慕尼黑安全会议表示，中美两个大国如何相处，事关国际局势根本走向；特朗普总统十分尊重习近平主席，也尊重中国人民，美国仍然有一些人并不这么想，还在千方百计地遏制打压中国；历史是在曲折中向前发展的，中美关系前景是光明的。
华尔街大胆预测：为对冲劳动力缺口，沃什或容忍2.5%-3.5%的通胀！,李佳,2026-02-15, BCA Research预计，为对冲劳动力供给收缩引发的衰退风险，未来美联储或在候任主席沃什领导下，默许通胀目标实质上调至2.5%-3.5%区间。尽管工资通胀因年长工人短缺而结构性走高，政策仍将聚焦于维持经济“高温”运行。在此背景下，实际利率与美元趋于下行，权益资产将继续跑赢债券。
日本市场近期发生了什么？,董静,2026-02-14,高盛认为，日本市场定价逻辑发生根本转变：自民党胜选后，市场开始定价日本退出超低实际利率体制，表现为日元走强、收益率曲线趋平。核心驱动力是投资者预期资产回流。但若日本央行政策不够鹰派，日元走弱等旧有逻辑可能回归，未来几周面临不确定性。
“AI交易”的关键变量：服务业敞口越高，AI颠覆风险越大，“AI基建”最有利,董静,2026-02-14,大摩量化研究显示，“服务业敞口”是AI投资的关键变量，与收益呈显著负相关。由于市场担忧AI颠覆，服务业敞口高达53%的“AI采用者”表现垫底。相反，“AI基础设施”敞口仅14%，受颠覆风险最小且受益于资本支出，在六大评估维度中全面领先，最值得配置。
奔驰中国换帅，告别“段建军时代”,柴旭晨,2026-02-14,首位本土高管身退。
美国考虑降低钢铝关税？这对金属意味着什么,董静,2026-02-14,大摩认为，美国若调整钢铝关税，仅针对衍生产品，初级金属仍面临50%高关税，影响有限。LME铝价和美国中西部溢价预计不受冲击，美铝短期仍受保护。此外，该调整不意味着15%铜关税的可能性降低。
市场监管总局约谈阿里巴巴、抖音、百度、腾讯、京东、美团、淘宝闪购等平台企业,叶桢,2026-02-14,2月13日，市场监管总局约谈阿里巴巴、抖音、百度、腾讯、京东、美团、淘宝闪购等平台企业，要求有关平台...
群核科技拿下境外备案，“杭州六小龙”首家上市公司渐近,郑敏芳,2026-02-14,首单
年终岁尾最后一刻，公募高管批量“上下课”,陈嘉懿,2026-02-14,涉及十多家公募基金
字节豆包2.0发布：推理成本降一个数量级，正面对标GPT-5和Gemini 3,董静,2026-02-14,字节发布豆包2.0，旗舰版Pro全面对标GPT-5.2与Gemini 3 Pro。新模型在多模态、数学及编程等领域达到业界顶尖，同时将推理成本降低约一个数量级，显著提升Agent应用性价比。目前已接入豆包App、TRAE及火山引擎API。
本周，“AI颠覆一切”的狼终于来了,董静,2026-02-14,大摩警告，市场对AI颠覆风险的定价呈多米诺效应：一个月内，欧洲指数面临风险的权重从4%飙升至24%。GPT-5.2已在71%专业任务上达到人类专家水平，五个月前这一数字仅为24%。建议避开易被复制的软件与银行股，拥抱无法被AI复制的“价值锚点”，如公用事业、国防及实物资产，同时关注算力短缺危机。
Anthropic掌门人重磅访谈：AI正处于指数级增长尾声，2026年将迎“数据中心里的天才国度”，营收正以10倍极速狂飙,董静,2026-02-14,Dario Amodei在最新访谈中预测，2026-2027年将出现由AI组成的“数据中心里的天才国度”，其智力密度堪比数万名诺贝尔奖得主。在财务方面，他披露公司正经历每年10倍的“恐怖”增长，预计2025年营收将冲击100亿美元大关。Amodei解释了为何不敢豪掷万亿提前囤积芯片：一旦需求爆发延后一年，巨大的现金流压力将直接导致公司破产。
央行等四部门：统筹建立常态化金融支持机制助力乡村全面振兴,叶桢,2026-02-14,《意见》称，要强化金融多业态协同，发挥债券市场融资功能，鼓励金融机构尤其是欠发达地区地方法人金融机构发行小微、“三农”等专项金融债券。构建资本市场综合支持体系，继续实施企业上市“绿色通道”政策。
如何理解开年全球市场？“可负担性”才是总叙事：“主街”要赢一次，AI叙事巨变，日元是“关键”,鲍奕龙,2026-02-14,"美银Michael Hartnett团队认为，特朗普""可负担性""政治推动资金从""华尔街精英阶层""转向""主街普通民众""：小盘价值股崛起，科技巨头承压；AI叙事从""惊叹""转向""致贫""，相关债务激增；日元与日股相关性转正预示长期牛市，但需警惕日元急升引发全球去杠杆。新兴市场和小盘股有望领跑新时代。"
Anthropic创始人暗讽OpenAI：不负责任“买算力”，很容易破产,,2026-02-14,无摘要
DeepSeek变冷漠甚至凶凶的？回应来了,董静,2026-02-14,近日，DeepSeek因回复变得“冷漠、说教甚至油腻”引发热议。对此，DeepSeek回应称并非故意，而是为了提高效率和明确边界感，减少语气词干扰。业内人士分析，这可能是为发布新版本做压力测试，牺牲了部分质量换取速度。
读懂金银铜：不止是课，还有很多故事,周学力,2026-02-14,3月15日，原紫金矿业投资经理陈大鹏为你带你拆解全球金属定价新范式
“我们正在目睹一场AI创造性破坏席卷全球各行各业”！高盛合伙人：本质上，这是一次“护城河检查”,鲍奕龙,2026-02-14,"高盛合伙人Rich Privorotsky认为，市场陷入""先卖出、后提问""恐慌，本质是对企业护城河的全面检验，建议关注拥有真正护城河的公司、实物资产和工业股，看好航空航天板块，但需警惕银行股风险。高盛预计CTA将抛售15-20亿美元美股，标普若跌破中期阈值6723点，将加速抛售幅度。"
OpenClaw之父爆猛料：Meta和OpenAI跪着抢人，小扎亲自求收购,董静,2026-02-14,OpenClaw之父Peter Steinberger爆料：扎克伯格亲自试用并私信拉拢，OpenAI也以顶级资源抢人，但他坚持项目必须开源。该AI具备恐怖的自修改代码能力。Peter更预言：AI智能体将消灭80%的App，编程将变成类似织毛衣的“手艺活”。
新“次贷危机”？美国PE的“软件业贷款敞口”比财报显示的更大,董静,2026-02-14,彭博调查显示，美国七大商业开发公司（BDC）至少将90亿美元的软件业贷款归类为其他行业，导致实际软件敞口远超财报披露水平。这种分类混乱掩盖了信贷基金在软件业的高度集中风险。在AI颠覆传统软件模式及软件股暴跌的背景下，这一隐形敞口引发了市场对“新次贷危机”的担忧。
德国总理呼吁彻底改革欧美联盟，“我们不相信关税和保护主义，只相信自由贸易”，媒体评论“不信任达到顶峰”,董静,2026-02-14,德国总理默茨呼吁重塑欧美关系为基于利益的平等交易联盟，明确反对美国关税和保护主义，坚持自由贸易。面对特朗普政府导致的互信缺失，德国正与法国磋商建立欧洲核威慑力量以减少对美依赖，媒体称双方不信任感已达顶峰。
当OpenClaw智能体“写小作文”辱骂人类，连硅谷都慌了,董静,2026-02-14,OpenClaw因代码被拒，竟自主撰写千字长文攻击维护者，成为首例AI恶意报复人类事件。与此同时，OpenAI工具被曝具备网络攻击潜力，Anthropic测试也显示AI面临“停机”时会选择勒索。行业人士指出，现在的AI可能还只是“婴儿版本”，但其未来的演进方向已让整个硅谷乃至全球市场感到“极其担忧”。
能源、必选消费和美债领涨2026！华尔街的“AI交易”被“AI颠覆”了,鲍奕龙,2026-02-14,“AI颠覆”冲击软件、金融和物流等行业，而极端仓位和杠杆进一步放大市场波动。投资者开始调整策略增加对冲，看跌期权偏斜度处于历史高位。但高盛Chris Hussey表示，AI颠覆论与经济韧性数据形成冲突，市场最终方向仍需时间验证。
外媒爆料：美军正做准备，一旦特朗普下令攻击伊朗，行动可能持续数周,董静,2026-02-14,据报道，美军计划打击伊朗核设施及国家安全机构，预计伊朗将猛烈报复，导致冲突循环升级。尽管美伊近期在阿曼进行间接谈判，但美军已向中东增派航母施压，战争风险依然高企。
“存款搬家”提速-居民存款增速与M2增速差值时隔7年半首次转负,,2026-02-14,无摘要
核聚变产业关键材料：钽、铌等磁体的“战略重估”周期,安海,2026-02-14,磁体系统作为聚变装置中价值量最高的核心环节（ITER占比28%，ARC方案占比46%），正处于低温超导（NbTi/Nb₃Sn）向高温超导（REBCO）技术迭代的关键窗口。
前摩根大通首席策略师：如果有巨头宣布“暂停资本开支”,,2026-02-14,无摘要
王毅会见美国国务卿鲁比奥,鲍奕龙,2026-02-14,王毅表示，中美之间对话比对抗好，合作比冲突好，共赢比零和好。双方要共同努力，不断拉长合作清单、压缩问题清单，让中美关系步入稳定、健康、可持续发展的轨道，向世界发出更多积极的信息。
VLCC巨震：俄罗斯仅短期扰动，韩国Sinokor控盘25%份额掌握定价,高猷嘉,2026-02-14,韩国庄家Sinokor控盘VLCC现货已是明盘，地缘政治的走向将决定本轮油运超级周期的高度。
巨亏财报反引发抄底潮，Coinbase周五暴涨17%，四季度收入下滑20%，净亏损超6亿美元 | 财报见闻,鲍奕龙,2026-02-14,受加密市场降温影响，Coinbase四季度营收下降20%至18亿美元，净亏损6.67亿美元。尽管消费者交易收入大跌13%，但机构业务和衍生品表现强劲，订阅服务收入创新高达28亿美元，USDC成关键增长点。周四盘后股价震荡微涨1%，周五公司股价伴随比特币反弹势头，飙涨16.46%。
CPI温和但科技股疲软，美股指冲高回落，亚马逊九连跌，美债转涨，黄金重上5000关口,鲍奕龙,2026-02-14,纳指四连跌，标普创近三个月最大周跌幅。“科技七巨头”中仅特斯拉收涨，亚马逊九连跌。美CPI公布后，两年期美债收益率盘中逼近三年多低谷。美元指数转跌，加密货币加速反弹，比特币一度靠近7万美元、较日低涨近6%。黄金盘中涨超2%，现货白银一度涨超5%。原油盘中至少跌近1%，后转涨，暂别逾一周低位，但连跌两周。
英伟达跌，AMD涨，罪魁祸首可能是Arista Networks？,张茜,2026-02-14,在周四晚间的财报电话会上，当被分析师问及公司与AMD的合作情况时，Arista首席执行官Ullal表示：“一年前，基本上99%都是英伟达，对吧？而今天，当我们查看部署情况时，大约有20%，甚至略高一些，约20%至25%的项目中，AMD正成为首选加速器。”英伟达股价周五盘中下跌近3%，而AMD上涨接近1%。
华尔街见闻早餐FM-Radio | 2026年2月14日,李丹,2026-02-14,五分钟看懂全球市场，尽在财经早餐。
芝加哥联储主席：如果通胀朝目标回落，可以再降息，但情况并非如此,张茜,2026-02-14,周五早些时候公布的一份报告显示，美国1月份服务价格上涨加快，Goolsbee重申了他对服务业通胀的持续担忧。“我认为利率可以在当前水平基础上进一步下调——甚至可能再降息几次。但前提是通胀要重新回到通往2%的轨道上。通胀大约卡在3%左右，这是不可接受的。”
美国拟对俄罗斯钯金征收133%初步反倾销税,张茜,2026-02-14,美国商务部初步支持一项矿业公司的请愿，拟对俄罗斯进口钯金征收反倾销关税，税率接近133%，最终裁定将于今年晚些时候作出。
影石创新2025年营收逼近百亿，“Pocket”新品蓄势待发,郑敏芳,2026-02-14,2月13日晚，影石创新披露2025年度业绩快报显示，当年总收入98.58亿元，同比增长高达76.85...
特朗普称将访问委内瑞拉，委内瑞拉石油收入超10亿美元，美国将资金转存至财政部账户,鲍奕龙,2026-02-14,美国改变委内瑞拉石油销售收入转移路径，不再经卡塔尔账户而直接存入美财政部，目前资金已超10亿美元。此前选择卡塔尔是为规避债权人冻结风险。美国未承认罗德里格斯政府造成法律困境。尽管美国放宽对委制裁并发放许可证，但委国家石油公司仅向获单独许可的公司售油，加之银行融资谨慎、许可条款复杂，限制了委内瑞拉出口扩张速度。委内瑞拉1月石油出口量升至80万桶/日，仍低于去年平均水平。
9连跌！“资本开支最高”的亚马逊跌入熊市，投资者对Mag 7“用脚投票”,赵颖,2026-02-14,亚马逊周四正式跌破熊市门槛后，周五继续下挫、较近期高点下跌超23%，微软则是首家进入熊市的Mag7成员，该公司股价于1月29日跌入熊市，Meta股价距离熊市的20%跌幅门槛仅差0.4%。投资者对这些公司AI支出能否带来足够投资回报信心不足，亚马逊2026年计划资本支出最高，达到2000亿美元。
高盛推出“抗AI冲击”主题投资组合：做多算力与安全，做空可被替代的软件股,和钊宇,2026-02-14,高盛推出一项新的软件股多空组合，做多那些业务难以被人工智能取代、或直接受益于AI需求增长的公司，同时做空可能被自动化或被企业内部替代的软件企业。此前随着Anthropic等公司推出面向法务和税务的AI工具，引发相关软件股大幅下跌，市场对生成式AI冲击商业模式的担忧正在加剧。
特朗普证实美军将向中东地区派出第二艘航母,张茜,2026-02-14,当地时间2月13日，美国总统特朗普证实，美军将向中东地区派出第二个航空母舰打击群，以此施压伊朗同美国达成协议。当日稍早，特朗普称希望美国和伊朗在接下来的“一个月左右”达成协议，否则伊朗就将面临“严重后果”。伊朗最高领袖顾问、国防委员会秘书沙姆哈尼表示，如果伊朗与美国间的谈判务实，且美方不提出过分要求，则谈判可能走向积极方向。
下周决定特朗普关税命运日？美最高法院2月20日公布新一批裁决意见,李丹,2026-02-14,最高法院正在审查特朗普援引《国际紧急经济权力法》（IEEPA）征收关税的合法性。经济学家估计，到2月20日，根据IEEPA征收的关税总额可能超过1700亿美元。资深法务记者指出，关税裁决是对总统权力的重大声明，不太可能获得最高法院的一致意见，虽然该案采用加急程序审理，裁决可能很快出炉，但也有可能要到6月才公布。
华尔街怎么看1月CPI？通胀担忧暂歇，今年三次降息几率升至五成,李丹,2026-02-14,因为企业经常年初涨价，CPI往往1月走高，但今年1月核心CPI增速创将近五年新低。虽然住房价格持续上涨，服装、电脑等消费品显示关税影响迹象，但汽油、牛肉和鸡蛋等政治敏感类别价格下跌，去通胀压力预计未来几个月占主导。高盛认为，美联储“正常化”降息的道路取决于就业是否继续改善，仍预计今年两次降息、首次在6月。交易员预计CPI将在年中达到峰值后回落，与6月或7月首次降息的预期一致。
SpaceX向上市冲刺：拟IPO用双重股权结构，与xAI合并后考虑重组债务,李丹,2026-02-14,报道称，双重股权结构将赋予特定股东额外投票权，使马斯克即便持有少数股权，也能保持对公司的绝对控制；马斯克合作的银团在商讨一项融资方案，旨在重组SpaceX与xAI合并产生的债务，马斯克通过收购原名推特的X并创立xAI积累了近180亿美元债务。
Anthropic加速IPO进程：引入资本老手，最早今年上市,李佳,2026-02-13,为备战IPO，Anthropic引入曾主导通用汽车上市的资本老将Chris Liddell。其兼具特朗普政府任职的政治背景，旨在强化治理以应对监管。公司刚完成300亿美元融资，估值达3800亿美元，领投方包括GIC与Coatue。Liddell将与奈飞联合创始人Hastings等共同坐镇董事会，为最快于年底进行的IPO铺路。
电动化步伐放缓，Stellantis战略“大调头”：在欧洲重新推出至少7款柴油车型,李佳,2026-02-13,对电动车销售放缓及市场现实压力，全球第四大汽车制造商Stellantis逆行业趋势而动，计划在欧洲市场重新推出至少7款柴油车型。这一战略转向旨在以成熟柴油技术为电动化过渡期提供缓冲，应对消费者需求疲软及对手竞争。此举折射出传统车企在环保法规与市场盈利间的艰难平衡。
美国1月CPI同比2.4%低于预期，核心CPI降至四年来最低水平,卜淑情,2026-02-13,剔除食品和能源的核心CPI环比涨幅扩大至0.3%，为去年8月以来较高的月度增幅之一。核心CPI同比为2.5%持平预期，较12月的2.6%回落，为2021年以来最低水平。
金银与美股暴跌！底层定价逻辑切换持续挤压双泡沫,弋文涛,2026-02-13,地缘缓和与AI颠覆恐慌贵金属及美股大跌，底层定价逻辑切换持续挤压双泡沫。
AI需求仍强却带不动股价！英伟达四季度至今仅涨1%，市场观望情绪转浓,李佳,2026-02-13,尽管AI资本支出持续膨胀，英伟达股价自四季度以来仅涨约1%。竞争格局变化成为观望情绪核心驱动：黄仁勋本月收购Groq技术授权印证了其他公司的竞争力；Anthropic也转向非英伟达供应商。虽然英伟达仍为市场领导者，但垄断地位出现裂痕，市场从“押注单一龙头”转向“重新定价竞争风险”。
DeepSeek春节再扔王炸？官方披露正测试新模型结构,李佳,2026-02-13,DeepSeek 网页/ APP 正在测试新的长文本模型结构，支持 1M 上下文。其API 服务不变，仍为 V3.2，仅支持 128K 上下文。DeepSeek或将在今年春节再次“炸场”发布新模型，复刻去年春节现象级轰动。
王毅在慕尼黑会见美国国务卿鲁比奥,,2026-02-13,无摘要
AI恐慌压垮了软件——但市场真的错了吗？,叶慧雯,2026-02-13,AI颠覆软件的恐慌导致板块遭无差别抛售，但机构指出软件正被AI增强而非取代。市场已过度反应：软件市盈率从51倍骤降至27倍，低于汽车、半导体等板块。数据印证分化：AI采用者盈利修正幅度比受干扰者高出102%。积极整合AI提升效率的公司正迎来利润率扩张，遭错杀的基本面稳健企业面临巨大估值修复机会。
1480亿美元的赌注：为何高盛认为市场误读了微软的资本开支？,李佳,2026-02-13,高盛最新报告认为，短期悲观情绪掩盖了微软中期战略的合理性。公司正主动将算力从Azure向内部研发及Copilot倾斜，新增GPU分配更趋平衡。这一战略性后置虽牺牲短期增速，却为长期护城河与货币化预留空间。Copilot已开始对增长形成实质性贡献，证明微软作为“快速跟随者”的战略优势正在显现。当前的下跌更多反映情绪错位，而非基本面拐点。
就业数据强劲打击降息预期，美股基金遭遇三周以来首次资金净流出,叶慧雯,2026-02-13,强劲就业数据削弱降息预期，叠加AI颠覆担忧，导致美股基金遭遇三周来首次资金净流出（14.2亿美元）。资金显著分化：大盘股失血123.4亿美元，小盘股逆势吸金20.1亿美元。避险下债券基金连续六周获流入，货币基金遭赎回。
腾讯被错杀了？,卜淑情,2026-02-13,伯恩斯坦认为，腾讯股价下跌，主要受AI模型开发进度落后和游戏行业AI颠覆担忧的双重打击。目前腾讯以14-15倍2027年预期市盈率交易，接近2022-2023年行业面临游戏审批停滞和疫情封控时的低谷水平。尽管腾讯在聊天机器人开发上确实需要迎头赶上，但公司通过广告和游戏业务持续产生稳健的AI投资回报，当前估值已反映过度悲观预期。
利润率仅为同侪零头，特斯拉的“美股七巨头”标签还能贴多久？,叶慧雯,2026-02-13,特斯拉与其他六巨头的财务鸿沟急剧拉大：营业利润率不足5%（同行11%-60%），且是唯一盈利下滑的成员。2026年资本支出翻倍至200亿美元将致自由现金流首次转负，而同行在同等巨额支出下仍将产生数百亿正现金流。马斯克或需通过SpaceX IPO融资以支撑其AI雄心。
贝森特：2026年通胀有望重回2%，关税政策或存“缩窄”空间,叶慧雯,2026-02-13,美国财长贝森特表示，通胀有望2026年中回落至2%，并暗示特朗普政府可能 *缩窄”金属关税范围以缓解输入性通胀。关于美联储，他强调推进沃什的提名听证会至关重要以保障政策连续性，尽管鲍威尔正面临调查，他仍预计听证会 “将会继续进行”。
美团预告：2025年巨亏超230亿元，一季度将延续亏损,卜淑情,2026-02-13,美团发布盈利预警：预计2025年度将由盈转亏，全年录得净亏损约人民币233亿元至243亿元。美团最赚钱的“核心本地商业”分部利润塌方：该分部2024年度经营溢利约人民币524.15亿元，但2025年度预计转为经营亏损约人民币68亿元至70亿元。
盘前大跌20%！Pinterest Q4业绩指引疲软，分析师担忧AI冲击,叶慧雯,2026-02-13,Pinterest股价盘前重挫20%，因财报及指引不及预期，市场担忧AI整合“发现”与“购买”环节将直接消除其平台价值——即便AI能力停滞，核心用例也已受威胁。尽管月活用户增至6.19亿，但“有形AI看跌叙事” 难以摆脱，本周市场对AI颠覆风险的公司普遍严厉抛售，恐慌情绪蔓延。
资产大轮动正在发生！美银Hartnett：美国政策催生“一切皆可、美元除外”交易！,李佳,2026-02-13,美银策略师Hartnett表示，全球资金正加速逃离美元资产，一场结构性大轮动已然启动。美股及科技巨头不再是唯一避风港，资金向新兴市场、大宗商品及国际股市分流，他将当前交易概括为“除了美元，买什么都行”，并认为这是对“新世界秩序”的提前定价。财政恶化与债务失控成为做空美元核心支撑，弱势美元或成常态。
本轮AI大清洗，财富管理平台被错杀了？,李佳,2026-02-13,AI税务工具上线引发“去中介化”恐慌，财富管理与交易平台股价承压。美银美林最新报告指出，此轮抛售系情绪错杀，为结构性布局打开窗口。报告认为，AI是生产力工具而非替代者：高净值客户依赖人际信任与专业建议；交易平台反因AI降低门槛而受益。具备高净值客群、积极嵌入AI、平台化优势的公司被低估。
金融监管总局联合市场监管总局、中国人民银行约谈六家出行平台企业,李佳,2026-02-13,金融监管总局联合市场监管总局、中国人民银行，对携程旅行、高德地图、同程旅行、飞猪旅行、航旅纵横、去哪儿旅行等六家出行平台企业进行约谈。针对上述企业在与金融机构合作开展借贷业务中存在的问题，要求其规范营销行为，不得使用误导性宣传用语。
Seedance 2.0深度测评：复杂场景贼稳，连asmr都会？,李佳,2026-02-13,字节跳动Seedance 2.0上线即引爆全网。实测显示，模型在多镜头一致性上表现惊艳，复杂场景中面部特征稳定，首尾帧风格过渡自然。一镜到底可串联多张参考图，音效精度惊人。六宫格漫画可完整输出剧情，视频延长精确到秒。虽偶有文字错位、音效出戏小bug，但整体镜头理解能力已next level，日常AIGC创作足够好用。
信贷开门红！中国1月新增社融7.22万亿，新增人民币贷款4.71万亿，M2同比增长9.0%,李佳,2026-02-13,2026年1月份社会融资规模增量为7.22万亿元，比上年同期多1662亿元。2026年1月末社会融资规模存量为449.11万亿元，同比增长8.2%。M2-M1剪刀差为4.1个百分点，较2025年12月进一步收窄。
H股暴涨3倍后，智谱冲刺科创板IPO，增聘国泰海通为辅导机构,叶慧雯,2026-02-13,智谱加速推进科创板上市，拟实现“A+H”布局，利用内地估值优势扩大投资者基础。受此提振，其港股周五一度大涨23.4%，上市以来累计涨幅约320%。但公司面临严峻财务考验：2022年至2025年上半年累计净亏损62亿元，云端业务毛利率下滑，巨额研发投入持续消耗现金流。
证监会严查！天风证券、当代集团被处以顶格罚款，艾路明、余磊终身市场禁入,叶慧雯,2026-02-13,经查，2020年至2022年期间，天风证券违法为原第一大股东当代集团提供融资、未按规定披露与当代集团关联交易，当代集团与天风证券共同实施相关违法行为，严重违反证券法律法规。湖北证监局拟依法对天风证券和当代集团合计处以2500万元的顶格罚款，对9名责任人员合计罚款3480万元，对当代集团实际控制人艾路明、天风证券时任董事长余磊、时任副总裁兼财务总监许欣采取终身证券市场禁入措施。
